# production scene, blok_uretici=v1 (is_HAVUZ.slurm default), spacing 7.0 m
# whole target, no cut. n=7641 n_block=2001
x y z blok
-88.075 -2.430 1.822 0
-78.176 -37.078 -3.128 0
-78.176 -37.078 6.771 0
-78.176 -27.178 -13.028 1
-78.176 -32.128 -8.078 1
-78.176 -27.178 -3.128 1
-78.176 -32.128 1.822 1
-83.126 -27.178 1.822 0
-78.176 -27.178 6.771 0
-78.176 -32.128 11.721 0
-78.176 -27.178 16.671 0
-78.176 -17.279 -22.927 0
-78.176 -22.229 -17.977 0
-78.176 -17.279 -13.028 0
-78.176 -22.229 -8.078 1
-83.126 -17.279 -8.078 0
-83.126 -22.229 -3.128 0
-78.176 -17.279 -3.128 1
-78.176 -22.229 1.822 1
-83.126 -17.279 1.822 0
-83.126 -22.229 6.771 0
-78.176 -17.279 6.771 0
-78.176 -22.229 11.721 0
-83.126 -17.279 11.721 0
-78.176 -17.279 16.671 0
-78.176 -22.229 21.621 0
-78.176 -7.379 -22.927 0
-78.176 -12.329 -17.977 0
-83.126 -7.379 -17.977 0
-83.126 -12.329 -13.028 0
-78.176 -7.379 -13.028 0
-78.176 -12.329 -8.078 0
-83.126 -7.379 -8.078 0
-83.126 -12.329 -3.128 0
-78.176 -7.379 -3.128 0
-78.176 -12.329 1.822 0
-83.126 -7.379 1.822 0
-83.126 -12.329 6.771 0
-78.176 -7.379 6.771 0
-78.176 -12.329 11.721 0
-83.126 -7.379 11.721 0
-83.126 -12.329 16.671 0
-78.176 -7.379 16.671 0
-78.176 -12.329 21.621 0
-78.176 2.520 -22.927 0
-78.176 -2.430 -17.977 0
-83.126 2.520 -17.977 0
-83.126 -2.430 -13.028 0
-78.176 2.520 -13.028 0
-78.176 -2.430 -8.078 0
-83.126 2.520 -8.078 0
-83.126 -2.430 -3.128 0
-78.176 2.520 -3.128 0
-78.176 -2.430 1.822 0
-83.126 2.520 1.822 0
-83.126 -2.430 6.771 0
-78.176 2.520 6.771 0
-78.176 -2.430 11.721 0
-83.126 2.520 11.721 0
-83.126 -2.430 16.671 0
-78.176 2.520 16.671 0
-78.176 -2.430 21.621 0
-78.176 2.520 26.570 0
-78.176 12.420 -22.927 0
-78.176 7.470 -17.977 0
-83.126 7.470 -13.028 0
-78.176 12.420 -13.028 0
-78.176 7.470 -8.078 0
-83.126 12.420 -8.078 0
-83.126 7.470 -3.128 0
-78.176 12.420 -3.128 0
-78.176 7.470 1.822 0
-83.126 12.420 1.822 0
-83.126 7.470 6.771 0
-78.176 12.420 6.771 0
-78.176 7.470 11.721 0
-83.126 12.420 11.721 0
-83.126 7.470 16.671 0
-78.176 12.420 16.671 0
-78.176 7.470 21.621 0
-78.176 17.369 -17.977 0
-83.126 17.369 -13.028 0
-78.176 22.319 -13.028 0
-78.176 17.369 -8.078 0
-83.126 22.319 -8.078 0
-83.126 17.369 -3.128 0
-78.176 22.319 -3.128 0
-78.176 17.369 1.822 0
-83.126 22.319 1.822 0
-83.126 17.369 6.771 0
-78.176 22.319 6.771 0
-78.176 17.369 11.721 0
-83.126 22.319 11.721 0
-78.176 22.319 16.671 0
-78.176 17.369 21.621 0
-78.176 27.269 -17.977 0
-78.176 32.219 -13.028 0
-78.176 27.269 -8.078 0
-83.126 27.269 -3.128 0
-78.176 32.219 -3.128 0
-78.176 27.269 1.822 0
-78.176 32.219 6.771 0
-78.176 27.269 11.721 0
-78.176 37.168 -8.078 0
-78.176 37.168 1.822 0
-68.276 -46.977 -13.028 0
-68.276 -51.927 -8.078 0
-73.226 -46.977 -8.078 0
-68.276 -46.977 -3.128 1
-68.276 -51.927 1.822 0
-73.226 -46.977 1.822 0
-68.276 -46.977 6.771 0
-68.276 -51.927 11.721 0
-68.276 -46.977 16.671 0
-68.276 -37.078 -22.927 1
-68.276 -42.028 -17.977 1
-73.226 -37.078 -17.977 1
-73.226 -42.028 -13.028 0
-68.276 -37.078 -13.028 1
-68.276 -42.028 -8.078 1
-73.226 -37.078 -8.078 1
-73.226 -42.028 -3.128 1
-68.276 -37.078 -3.128 1
-68.276 -42.028 1.822 1
-73.226 -37.078 1.822 1
-73.226 -42.028 6.771 0
-68.276 -37.078 6.771 1
-68.276 -42.028 11.721 0
-73.226 -37.078 11.721 0
-68.276 -37.078 16.671 0
-68.276 -42.028 21.621 0
-68.276 -37.078 26.570 0
-68.276 -32.128 -27.877 0
-73.226 -32.128 -22.927 0
-68.276 -27.178 -22.927 1
-68.276 -32.128 -17.977 1
-73.226 -27.178 -17.977 1
-73.226 -32.128 -13.028 1
-68.276 -27.178 -13.028 1
-68.276 -32.128 -8.078 1
-73.226 -27.178 -8.078 1
-73.226 -32.128 -3.128 1
-68.276 -27.178 -3.128 1
-68.276 -32.128 1.822 1
-73.226 -27.178 1.822 1
-73.226 -32.128 6.771 1
-68.276 -27.178 6.771 1
-68.276 -32.128 11.721 1
-73.226 -27.178 11.721 1
-73.226 -32.128 16.671 0
-68.276 -27.178 16.671 1
-68.276 -32.128 21.621 0
-73.226 -27.178 21.621 0
-68.276 -27.178 26.570 0
-68.276 -17.279 -32.827 0
-68.276 -22.229 -27.877 0
-73.226 -17.279 -27.877 0
-73.226 -22.229 -22.927 0
-68.276 -17.279 -22.927 1
-68.276 -22.229 -17.977 1
-73.226 -17.279 -17.977 1
-73.226 -22.229 -13.028 1
-68.276 -17.279 -13.028 1
-68.276 -22.229 -8.078 1
-73.226 -17.279 -8.078 1
-73.226 -22.229 -3.128 1
-68.276 -17.279 -3.128 1
-68.276 -22.229 1.822 1
-73.226 -17.279 1.822 1
-73.226 -22.229 6.771 1
-68.276 -17.279 6.771 1
-68.276 -22.229 11.721 1
-73.226 -17.279 11.721 0
-73.226 -22.229 16.671 0
-68.276 -17.279 16.671 0
-68.276 -22.229 21.621 0
-73.226 -17.279 21.621 0
-73.226 -22.229 26.570 0
-68.276 -17.279 26.570 0
-68.276 -22.229 31.520 0
-68.276 -7.379 -32.827 0
-68.276 -12.329 -27.877 0
-73.226 -7.379 -27.877 0
-73.226 -12.329 -22.927 0
-68.276 -7.379 -22.927 0
-68.276 -12.329 -17.977 1
-73.226 -7.379 -17.977 0
-73.226 -12.329 -13.028 1
-68.276 -7.379 -13.028 1
-68.276 -12.329 -8.078 1
-73.226 -7.379 -8.078 0
-73.226 -12.329 -3.128 1
-68.276 -7.379 -3.128 1
-68.276 -12.329 1.822 1
-73.226 -7.379 1.822 0
-73.226 -12.329 6.771 1
-68.276 -7.379 6.771 1
-68.276 -12.329 11.721 1
-73.226 -7.379 11.721 0
-73.226 -12.329 16.671 0
-68.276 -7.379 16.671 0
-68.276 -12.329 21.621 0
-73.226 -7.379 21.621 0
-73.226 -12.329 26.570 0
-68.276 -7.379 26.570 0
-68.276 -12.329 31.520 0
-73.226 -7.379 31.520 0
-68.276 2.520 -32.827 0
-68.276 -2.430 -27.877 0
-73.226 2.520 -27.877 0
-73.226 -2.430 -22.927 0
-68.276 2.520 -22.927 0
-68.276 -2.430 -17.977 0
-73.226 2.520 -17.977 0
-73.226 -2.430 -13.028 0
-68.276 2.520 -13.028 0
-68.276 -2.430 -8.078 0
-73.226 2.520 -8.078 0
-73.226 -2.430 -3.128 0
-68.276 2.520 -3.128 0
-68.276 -2.430 1.822 0
-73.226 2.520 1.822 0
-73.226 -2.430 6.771 0
-68.276 2.520 6.771 0
-68.276 -2.430 11.721 0
-73.226 2.520 11.721 0
-73.226 -2.430 16.671 0
-68.276 2.520 16.671 0
-68.276 -2.430 21.621 0
-73.226 2.520 21.621 0
-73.226 -2.430 26.570 0
-68.276 2.520 26.570 0
-68.276 -2.430 31.520 0
-73.226 2.520 31.520 0
-68.276 2.520 36.470 0
-68.276 12.420 -32.827 0
-68.276 7.470 -27.877 0
-73.226 12.420 -27.877 0
-73.226 7.470 -22.927 0
-68.276 12.420 -22.927 0
-68.276 7.470 -17.977 0
-73.226 12.420 -17.977 0
-73.226 7.470 -13.028 0
-68.276 12.420 -13.028 0
-68.276 7.470 -8.078 0
-73.226 12.420 -8.078 0
-73.226 7.470 -3.128 0
-68.276 12.420 -3.128 0
-68.276 7.470 1.822 0
-73.226 12.420 1.822 0
-73.226 7.470 6.771 0
-68.276 12.420 6.771 0
-68.276 7.470 11.721 0
-73.226 12.420 11.721 0
-73.226 7.470 16.671 0
-68.276 12.420 16.671 0
-68.276 7.470 21.621 0
-73.226 12.420 21.621 0
-73.226 7.470 26.570 0
-68.276 12.420 26.570 0
-68.276 7.470 31.520 0
-68.276 22.319 -32.827 0
-68.276 17.369 -27.877 0
-73.226 22.319 -27.877 0
-73.226 17.369 -22.927 0
-68.276 22.319 -22.927 0
-68.276 17.369 -17.977 0
-73.226 22.319 -17.977 0
-73.226 17.369 -13.028 0
-68.276 22.319 -13.028 0
-68.276 17.369 -8.078 0
-73.226 22.319 -8.078 0
-73.226 17.369 -3.128 0
-68.276 22.319 -3.128 0
-68.276 17.369 1.822 0
-73.226 22.319 1.822 0
-73.226 17.369 6.771 0
-68.276 22.319 6.771 0
-68.276 17.369 11.721 0
-73.226 22.319 11.721 0
-73.226 17.369 16.671 0
-68.276 22.319 16.671 0
-68.276 17.369 21.621 0
-73.226 22.319 21.621 0
-73.226 17.369 26.570 0
-68.276 22.319 26.570 0
-68.276 17.369 31.520 0
-68.276 27.269 -27.877 0
-73.226 27.269 -22.927 0
-68.276 32.219 -22.927 0
-68.276 27.269 -17.977 0
-73.226 32.219 -17.977 0
-73.226 27.269 -13.028 0
-68.276 32.219 -13.028 0
-68.276 27.269 -8.078 0
-73.226 32.219 -8.078 0
-73.226 27.269 -3.128 0
-68.276 32.219 -3.128 0
-68.276 27.269 1.822 0
-73.226 32.219 1.822 0
-73.226 27.269 6.771 0
-68.276 32.219 6.771 0
-68.276 27.269 11.721 0
-73.226 32.219 11.721 0
-73.226 27.269 16.671 0
-68.276 32.219 16.671 0
-68.276 27.269 21.621 0
-73.226 32.219 21.621 0
-73.226 27.269 26.570 0
-68.276 32.219 26.570 0
-68.276 27.269 31.520 0
-68.276 42.118 -22.927 0
-68.276 37.168 -17.977 0
-73.226 37.168 -13.028 0
-68.276 42.118 -13.028 0
-68.276 37.168 -8.078 0
-73.226 42.118 -8.078 0
-73.226 37.168 -3.128 0
-68.276 42.118 -3.128 0
-68.276 37.168 1.822 0
-73.226 42.118 1.822 0
-73.226 37.168 6.771 0
-68.276 42.118 6.771 0
-68.276 37.168 11.721 0
-73.226 42.118 11.721 0
-73.226 37.168 16.671 0
-68.276 42.118 16.671 0
-68.276 37.168 21.621 0
-68.276 47.068 -17.977 0
-68.276 47.068 -8.078 0
-73.226 47.068 -3.128 0
-68.276 52.018 -3.128 0
-68.276 47.068 1.822 0
-73.226 47.068 6.771 0
-68.276 52.018 6.771 0
-68.276 47.068 11.721 0
-58.377 -56.877 -13.028 0
-58.377 -61.827 -8.078 0
-63.327 -56.877 -8.078 0
-58.377 -56.877 -3.128 0
-58.377 -61.827 1.822 0
-63.327 -56.877 1.822 0
-58.377 -56.877 6.771 0
-58.377 -61.827 11.721 0
-63.327 -56.877 11.721 0
-58.377 -56.877 16.671 0
-58.377 -46.977 -22.927 0
-58.377 -51.927 -17.977 0
-63.327 -46.977 -17.977 1
-63.327 -51.927 -13.028 0
-58.377 -46.977 -13.028 1
-58.377 -51.927 -8.078 1
-63.327 -46.977 -8.078 1
-63.327 -51.927 -3.128 0
-58.377 -46.977 -3.128 1
-58.377 -51.927 1.822 1
-63.327 -46.977 1.822 1
-63.327 -51.927 6.771 0
-58.377 -46.977 6.771 1
-58.377 -51.927 11.721 0
-63.327 -46.977 11.721 0
-63.327 -51.927 16.671 0
-58.377 -46.977 16.671 0
-58.377 -51.927 21.621 0
-63.327 -46.977 21.621 0
-58.377 -46.977 26.570 0
-58.377 -37.078 -32.827 0
-58.377 -42.028 -27.877 0
-63.327 -37.078 -27.877 0
-63.327 -42.028 -22.927 1
-58.377 -37.078 -22.927 1
-58.377 -42.028 -17.977 1
-63.327 -37.078 -17.977 1
-63.327 -42.028 -13.028 1
-58.377 -37.078 -13.028 1
-58.377 -42.028 -8.078 1
-63.327 -37.078 -8.078 1
-63.327 -42.028 -3.128 1
-58.377 -37.078 -3.128 1
-58.377 -42.028 1.822 1
-63.327 -37.078 1.822 1
-63.327 -42.028 6.771 1
-58.377 -37.078 6.771 1
-58.377 -42.028 11.721 1
-63.327 -37.078 11.721 1
-63.327 -42.028 16.671 0
-58.377 -37.078 16.671 1
-58.377 -42.028 21.621 0
-63.327 -37.078 21.621 0
-63.327 -42.028 26.570 0
-58.377 -37.078 26.570 0
-58.377 -42.028 31.520 0
-63.327 -37.078 31.520 0
-63.327 -32.128 -32.827 0
-58.377 -27.178 -32.827 0
-58.377 -32.128 -27.877 1
-63.327 -27.178 -27.877 1
-63.327 -32.128 -22.927 1
-58.377 -27.178 -22.927 1
-58.377 -32.128 -17.977 1
-63.327 -27.178 -17.977 1
-63.327 -32.128 -13.028 1
-58.377 -27.178 -13.028 1
-58.377 -32.128 -8.078 1
-63.327 -27.178 -8.078 1
-63.327 -32.128 -3.128 1
-58.377 -27.178 -3.128 1
-58.377 -32.128 1.822 1
-63.327 -27.178 1.822 1
-63.327 -32.128 6.771 1
-58.377 -27.178 6.771 1
-58.377 -32.128 11.721 1
-63.327 -27.178 11.721 1
-63.327 -32.128 16.671 1
-58.377 -27.178 16.671 1
-58.377 -32.128 21.621 1
-63.327 -27.178 21.621 0
-63.327 -32.128 26.570 0
-58.377 -27.178 26.570 0
-58.377 -32.128 31.520 0
-63.327 -27.178 31.520 0
-58.377 -27.178 36.470 0
-58.377 -22.229 -37.776 0
-63.327 -17.279 -37.776 0
-63.327 -22.229 -32.827 0
-58.377 -17.279 -32.827 0
-58.377 -22.229 -27.877 1
-63.327 -17.279 -27.877 1
-63.327 -22.229 -22.927 1
-58.377 -17.279 -22.927 1
-58.377 -22.229 -17.977 1
-63.327 -17.279 -17.977 1
-63.327 -22.229 -13.028 1
-58.377 -17.279 -13.028 1
-58.377 -22.229 -8.078 1
-63.327 -17.279 -8.078 1
-63.327 -22.229 -3.128 1
-58.377 -17.279 -3.128 1
-58.377 -22.229 1.822 1
-63.327 -17.279 1.822 1
-63.327 -22.229 6.771 1
-58.377 -17.279 6.771 1
-58.377 -22.229 11.721 1
-63.327 -17.279 11.721 1
-63.327 -22.229 16.671 1
-58.377 -17.279 16.671 1
-58.377 -22.229 21.621 1
-63.327 -17.279 21.621 0
-63.327 -22.229 26.570 0
-58.377 -17.279 26.570 0
-58.377 -22.229 31.520 0
-63.327 -17.279 31.520 0
-63.327 -22.229 36.470 0
-58.377 -17.279 36.470 0
-58.377 -7.379 -42.726 0
-58.377 -12.329 -37.776 0
-63.327 -7.379 -37.776 0
-63.327 -12.329 -32.827 0
-58.377 -7.379 -32.827 0
-58.377 -12.329 -27.877 1
-63.327 -7.379 -27.877 0
-63.327 -12.329 -22.927 1
-58.377 -7.379 -22.927 1
-58.377 -12.329 -17.977 1
-63.327 -7.379 -17.977 1
-63.327 -12.329 -13.028 1
-58.377 -7.379 -13.028 1
-58.377 -12.329 -8.078 1
-63.327 -7.379 -8.078 1
-63.327 -12.329 -3.128 1
-58.377 -7.379 -3.128 1
-58.377 -12.329 1.822 1
-63.327 -7.379 1.822 1
-63.327 -12.329 6.771 1
-58.377 -7.379 6.771 1
-58.377 -12.329 11.721 1
-63.327 -7.379 11.721 1
-63.327 -12.329 16.671 1
-58.377 -7.379 16.671 0
-58.377 -12.329 21.621 0
-63.327 -7.379 21.621 0
-63.327 -12.329 26.570 0
-58.377 -7.379 26.570 0
-58.377 -12.329 31.520 0
-63.327 -7.379 31.520 0
-63.327 -12.329 36.470 0
-58.377 -7.379 36.470 0
-58.377 -12.329 41.420 0
-58.377 2.520 -42.726 0
-58.377 -2.430 -37.776 0
-63.327 2.520 -37.776 0
-63.327 -2.430 -32.827 0
-58.377 2.520 -32.827 0
-58.377 -2.430 -27.877 0
-63.327 2.520 -27.877 0
-63.327 -2.430 -22.927 0
-58.377 2.520 -22.927 0
-58.377 -2.430 -17.977 1
-63.327 2.520 -17.977 0
-63.327 -2.430 -13.028 1
-58.377 2.520 -13.028 0
-58.377 -2.430 -8.078 1
-63.327 2.520 -8.078 0
-63.327 -2.430 -3.128 1
-58.377 2.520 -3.128 0
-58.377 -2.430 1.822 1
-63.327 2.520 1.822 0
-63.327 -2.430 6.771 0
-58.377 2.520 6.771 0
-58.377 -2.430 11.721 0
-63.327 2.520 11.721 0
-63.327 -2.430 16.671 0
-58.377 2.520 16.671 0
-58.377 -2.430 21.621 0
-63.327 2.520 21.621 0
-63.327 -2.430 26.570 0
-58.377 2.520 26.570 0
-58.377 -2.430 31.520 0
-63.327 2.520 31.520 0
-63.327 -2.430 36.470 0
-58.377 2.520 36.470 0
-58.377 -2.430 41.420 0
-58.377 7.470 -37.776 0
-63.327 12.420 -37.776 0
-63.327 7.470 -32.827 0
-58.377 12.420 -32.827 0
-58.377 7.470 -27.877 0
-63.327 12.420 -27.877 0
-63.327 7.470 -22.927 0
-58.377 12.420 -22.927 0
-58.377 7.470 -17.977 0
-63.327 12.420 -17.977 0
-63.327 7.470 -13.028 0
-58.377 12.420 -13.028 0
-58.377 7.470 -8.078 0
-63.327 12.420 -8.078 0
-63.327 7.470 -3.128 0
-58.377 12.420 -3.128 0
-58.377 7.470 1.822 0
-63.327 12.420 1.822 0
-63.327 7.470 6.771 0
-58.377 12.420 6.771 0
-58.377 7.470 11.721 0
-63.327 12.420 11.721 0
-63.327 7.470 16.671 0
-58.377 12.420 16.671 0
-58.377 7.470 21.621 0
-63.327 12.420 21.621 0
-63.327 7.470 26.570 0
-58.377 12.420 26.570 0
-58.377 7.470 31.520 0
-63.327 12.420 31.520 0
-63.327 7.470 36.470 0
-58.377 12.420 36.470 0
-58.377 7.470 41.420 0
-58.377 17.369 -37.776 0
-63.327 17.369 -32.827 0
-58.377 22.319 -32.827 0
-58.377 17.369 -27.877 0
-63.327 22.319 -27.877 0
-63.327 17.369 -22.927 0
-58.377 22.319 -22.927 0
-58.377 17.369 -17.977 0
-63.327 22.319 -17.977 0
-63.327 17.369 -13.028 0
-58.377 22.319 -13.028 0
-58.377 17.369 -8.078 0
-63.327 22.319 -8.078 0
-63.327 17.369 -3.128 0
-58.377 22.319 -3.128 0
-58.377 17.369 1.822 0
-63.327 22.319 1.822 0
-63.327 17.369 6.771 0
-58.377 22.319 6.771 0
-58.377 17.369 11.721 0
-63.327 22.319 11.721 0
-63.327 17.369 16.671 0
-58.377 22.319 16.671 0
-58.377 17.369 21.621 0
-63.327 22.319 21.621 0
-63.327 17.369 26.570 0
-58.377 22.319 26.570 0
-58.377 17.369 31.520 0
-63.327 22.319 31.520 0
-63.327 17.369 36.470 0
-58.377 22.319 36.470 0
-58.377 17.369 41.420 0
-58.377 27.269 -37.776 0
-63.327 27.269 -32.827 0
-58.377 32.219 -32.827 0
-58.377 27.269 -27.877 0
-63.327 32.219 -27.877 0
-63.327 27.269 -22.927 0
-58.377 32.219 -22.927 0
-58.377 27.269 -17.977 0
-63.327 32.219 -17.977 0
-63.327 27.269 -13.028 0
-58.377 32.219 -13.028 0
-58.377 27.269 -8.078 0
-63.327 32.219 -8.078 0
-63.327 27.269 -3.128 0
-58.377 32.219 -3.128 0
-58.377 27.269 1.822 0
-63.327 32.219 1.822 0
-63.327 27.269 6.771 0
-58.377 32.219 6.771 0
-58.377 27.269 11.721 0
-63.327 32.219 11.721 0
-63.327 27.269 16.671 0
-58.377 32.219 16.671 0
-58.377 27.269 21.621 0
-63.327 32.219 21.621 0
-63.327 27.269 26.570 0
-58.377 32.219 26.570 0
-58.377 27.269 31.520 0
-63.327 32.219 31.520 0
-58.377 32.219 36.470 0
-58.377 42.118 -32.827 0
-58.377 37.168 -27.877 0
-63.327 42.118 -27.877 0
-63.327 37.168 -22.927 0
-58.377 42.118 -22.927 0
-58.377 37.168 -17.977 0
-63.327 42.118 -17.977 0
-63.327 37.168 -13.028 0
-58.377 42.118 -13.028 0
-58.377 37.168 -8.078 0
-63.327 42.118 -8.078 0
-63.327 37.168 -3.128 0
-58.377 42.118 -3.128 0
-58.377 37.168 1.822 0
-63.327 42.118 1.822 0
-63.327 37.168 6.771 0
-58.377 42.118 6.771 0
-58.377 37.168 11.721 0
-63.327 42.118 11.721 0
-63.327 37.168 16.671 0
-58.377 42.118 16.671 0
-58.377 37.168 21.621 0
-63.327 42.118 21.621 0
-63.327 37.168 26.570 0
-58.377 42.118 26.570 0
-58.377 37.168 31.520 0
-58.377 47.068 -27.877 0
-63.327 47.068 -22.927 0
-58.377 52.018 -22.927 0
-58.377 47.068 -17.977 0
-63.327 52.018 -17.977 0
-63.327 47.068 -13.028 0
-58.377 52.018 -13.028 0
-58.377 47.068 -8.078 0
-63.327 52.018 -8.078 0
-63.327 47.068 -3.128 0
-58.377 52.018 -3.128 0
-58.377 47.068 1.822 0
-63.327 52.018 1.822 0
-63.327 47.068 6.771 0
-58.377 52.018 6.771 0
-58.377 47.068 11.721 0
-63.327 52.018 11.721 0
-63.327 47.068 16.671 0
-58.377 52.018 16.671 0
-58.377 47.068 21.621 0
-58.377 56.967 -17.977 0
-63.327 56.967 -13.028 0
-58.377 61.917 -13.028 0
-58.377 56.967 -8.078 0
-63.327 56.967 -3.128 0
-58.377 61.917 -3.128 0
-58.377 56.967 1.822 0
-63.327 56.967 6.771 0
-58.377 61.917 6.771 0
-58.377 56.967 11.721 0
-48.477 -66.776 -13.028 0
-53.427 -66.776 -8.078 0
-48.477 -66.776 -3.128 0
-48.477 -71.726 1.822 0
-53.427 -66.776 1.822 0
-48.477 -66.776 6.771 0
-48.477 -66.776 16.671 0
-48.477 -56.877 -22.927 0
-48.477 -61.827 -17.977 0
-53.427 -56.877 -17.977 0
-53.427 -61.827 -13.028 0
-48.477 -56.877 -13.028 0
-48.477 -61.827 -8.078 0
-53.427 -56.877 -8.078 0
-53.427 -61.827 -3.128 0
-48.477 -56.877 -3.128 0
-48.477 -61.827 1.822 0
-53.427 -56.877 1.822 0
-53.427 -61.827 6.771 0
-48.477 -56.877 6.771 0
-48.477 -61.827 11.721 0
-53.427 -56.877 11.721 0
-53.427 -61.827 16.671 0
-48.477 -56.877 16.671 0
-48.477 -61.827 21.621 0
-53.427 -56.877 21.621 0
-48.477 -56.877 26.570 0
-48.477 -46.977 -32.827 0
-48.477 -51.927 -27.877 0
-53.427 -46.977 -27.877 0
-53.427 -51.927 -22.927 0
-48.477 -46.977 -22.927 1
-48.477 -51.927 -17.977 0
-53.427 -46.977 -17.977 1
-53.427 -51.927 -13.028 1
-48.477 -46.977 -13.028 1
-48.477 -51.927 -8.078 1
-53.427 -46.977 -8.078 1
-53.427 -51.927 -3.128 1
-48.477 -46.977 -3.128 1
-48.477 -51.927 1.822 1
-53.427 -46.977 1.822 1
-53.427 -51.927 6.771 0
-48.477 -46.977 6.771 1
-48.477 -51.927 11.721 0
-53.427 -46.977 11.721 1
-53.427 -51.927 16.671 0
-48.477 -46.977 16.671 0
-48.477 -51.927 21.621 0
-53.427 -46.977 21.621 0
-53.427 -51.927 26.570 0
-48.477 -46.977 26.570 0
-48.477 -51.927 31.520 0
-53.427 -46.977 31.520 0
-48.477 -46.977 36.470 0
-48.477 -42.028 -37.776 0
-53.427 -37.078 -37.776 0
-53.427 -42.028 -32.827 0
-48.477 -37.078 -32.827 0
-48.477 -42.028 -27.877 0
-53.427 -37.078 -27.877 1
-53.427 -42.028 -22.927 1
-48.477 -37.078 -22.927 1
-48.477 -42.028 -17.977 1
-53.427 -37.078 -17.977 1
-53.427 -42.028 -13.028 1
-48.477 -37.078 -13.028 1
-48.477 -42.028 -8.078 1
-53.427 -37.078 -8.078 1
-53.427 -42.028 -3.128 1
-48.477 -37.078 -3.128 1
-48.477 -42.028 1.822 1
-53.427 -37.078 1.822 1
-53.427 -42.028 6.771 1
-48.477 -37.078 6.771 1
-48.477 -42.028 11.721 1
-53.427 -37.078 11.721 1
-53.427 -42.028 16.671 1
-48.477 -37.078 16.671 1
-48.477 -42.028 21.621 0
-53.427 -37.078 21.621 0
-53.427 -42.028 26.570 0
-48.477 -37.078 26.570 0
-48.477 -42.028 31.520 0
-53.427 -37.078 31.520 0
-53.427 -42.028 36.470 0
-48.477 -37.078 36.470 0
-48.477 -27.178 -42.726 0
-48.477 -32.128 -37.776 0
-53.427 -27.178 -37.776 0
-53.427 -32.128 -32.827 0
-48.477 -27.178 -32.827 1
-48.477 -32.128 -27.877 1
-53.427 -27.178 -27.877 1
-53.427 -32.128 -22.927 1
-48.477 -27.178 -22.927 1
-48.477 -32.128 -17.977 1
-53.427 -27.178 -17.977 1
-53.427 -32.128 -13.028 1
-48.477 -27.178 -13.028 1
-48.477 -32.128 -8.078 1
-53.427 -27.178 -8.078 1
-53.427 -32.128 -3.128 1
-48.477 -27.178 -3.128 1
-48.477 -32.128 1.822 1
-53.427 -27.178 1.822 1
-53.427 -32.128 6.771 1
-48.477 -27.178 6.771 1
-48.477 -32.128 11.721 1
-53.427 -27.178 11.721 1
-53.427 -32.128 16.671 1
-48.477 -27.178 16.671 1
-48.477 -32.128 21.621 1
-53.427 -27.178 21.621 1
-53.427 -32.128 26.570 0
-48.477 -27.178 26.570 0
-48.477 -32.128 31.520 0
-53.427 -27.178 31.520 0
-53.427 -32.128 36.470 0
-48.477 -27.178 36.470 0
-48.477 -32.128 41.420 0
-53.427 -27.178 41.420 0
-53.427 -22.229 -42.726 0
-48.477 -17.279 -42.726 0
-48.477 -22.229 -37.776 0
-53.427 -17.279 -37.776 0
-53.427 -22.229 -32.827 1
-48.477 -17.279 -32.827 0
-48.477 -22.229 -27.877 1
-53.427 -17.279 -27.877 1
-53.427 -22.229 -22.927 1
-48.477 -17.279 -22.927 1
-48.477 -22.229 -17.977 1
-53.427 -17.279 -17.977 1
-53.427 -22.229 -13.028 1
-48.477 -17.279 -13.028 1
-48.477 -22.229 -8.078 1
-53.427 -17.279 -8.078 1
-53.427 -22.229 -3.128 1
-48.477 -17.279 -3.128 1
-48.477 -22.229 1.822 1
-53.427 -17.279 1.822 1
-53.427 -22.229 6.771 1
-48.477 -17.279 6.771 1
-48.477 -22.229 11.721 1
-53.427 -17.279 11.721 1
-53.427 -22.229 16.671 1
-48.477 -17.279 16.671 1
-48.477 -22.229 21.621 1
-53.427 -17.279 21.621 1
-53.427 -22.229 26.570 0
-48.477 -17.279 26.570 0
-48.477 -22.229 31.520 0
-53.427 -17.279 31.520 0
-53.427 -22.229 36.470 0
-48.477 -17.279 36.470 0
-48.477 -22.229 41.420 0
-53.427 -17.279 41.420 0
-48.477 -17.279 46.369 0
-53.427 -12.329 -42.726 0
-48.477 -7.379 -42.726 0
-48.477 -12.329 -37.776 0
-53.427 -7.379 -37.776 0
-53.427 -12.329 -32.827 0
-48.477 -7.379 -32.827 0
-48.477 -12.329 -27.877 1
-53.427 -7.379 -27.877 0
-53.427 -12.329 -22.927 1
-48.477 -7.379 -22.927 1
-48.477 -12.329 -17.977 1
-53.427 -7.379 -17.977 1
-53.427 -12.329 -13.028 1
-48.477 -7.379 -13.028 1
-48.477 -12.329 -8.078 1
-53.427 -7.379 -8.078 1
-53.427 -12.329 -3.128 1
-48.477 -7.379 -3.128 1
-48.477 -12.329 1.822 1
-53.427 -7.379 1.822 1
-53.427 -12.329 6.771 1
-48.477 -7.379 6.771 1
-48.477 -12.329 11.721 1
-53.427 -7.379 11.721 1
-53.427 -12.329 16.671 1
-48.477 -7.379 16.671 0
-48.477 -12.329 21.621 0
-53.427 -7.379 21.621 0
-53.427 -12.329 26.570 0
-48.477 -7.379 26.570 0
-48.477 -12.329 31.520 0
-53.427 -7.379 31.520 0
-53.427 -12.329 36.470 0
-48.477 -7.379 36.470 0
-48.477 -12.329 41.420 0
-53.427 -7.379 41.420 0
-48.477 -7.379 46.369 0
-48.477 -2.430 -47.676 0
-53.427 -2.430 -42.726 0
-48.477 2.520 -42.726 0
-48.477 -2.430 -37.776 0
-53.427 2.520 -37.776 0
-53.427 -2.430 -32.827 0
-48.477 2.520 -32.827 0
-48.477 -2.430 -27.877 0
-53.427 2.520 -27.877 0
-53.427 -2.430 -22.927 0
-48.477 2.520 -22.927 0
-48.477 -2.430 -17.977 1
-53.427 2.520 -17.977 0
-53.427 -2.430 -13.028 1
-48.477 2.520 -13.028 0
-48.477 -2.430 -8.078 1
-53.427 2.520 -8.078 1
-53.427 -2.430 -3.128 1
-48.477 2.520 -3.128 1
-48.477 -2.430 1.822 1
-53.427 2.520 1.822 0
-53.427 -2.430 6.771 1
-48.477 2.520 6.771 0
-48.477 -2.430 11.721 0
-53.427 2.520 11.721 0
-53.427 -2.430 16.671 0
-48.477 2.520 16.671 0
-48.477 -2.430 21.621 0
-53.427 2.520 21.621 0
-53.427 -2.430 26.570 0
-48.477 2.520 26.570 0
-48.477 -2.430 31.520 0
-53.427 2.520 31.520 0
-53.427 -2.430 36.470 0
-48.477 2.520 36.470 0
-48.477 -2.430 41.420 0
-53.427 2.520 41.420 0
-48.477 2.520 46.369 0
-48.477 7.470 -47.676 0
-53.427 7.470 -42.726 0
-48.477 12.420 -42.726 0
-48.477 7.470 -37.776 0
-53.427 12.420 -37.776 0
-53.427 7.470 -32.827 0
-48.477 12.420 -32.827 0
-48.477 7.470 -27.877 0
-53.427 12.420 -27.877 0
-53.427 7.470 -22.927 0
-48.477 12.420 -22.927 0
-48.477 7.470 -17.977 0
-53.427 12.420 -17.977 0
-53.427 7.470 -13.028 0
-48.477 12.420 -13.028 0
-48.477 7.470 -8.078 0
-53.427 12.420 -8.078 0
-53.427 7.470 -3.128 0
-48.477 12.420 -3.128 0
-48.477 7.470 1.822 0
-53.427 12.420 1.822 0
-53.427 7.470 6.771 0
-48.477 12.420 6.771 0
-48.477 7.470 11.721 0
-53.427 12.420 11.721 0
-53.427 7.470 16.671 0
-48.477 12.420 16.671 0
-48.477 7.470 21.621 0
-53.427 12.420 21.621 0
-53.427 7.470 26.570 0
-48.477 12.420 26.570 0
-48.477 7.470 31.520 0
-53.427 12.420 31.520 0
-53.427 7.470 36.470 0
-48.477 12.420 36.470 0
-48.477 7.470 41.420 0
-53.427 12.420 41.420 0
-48.477 12.420 46.369 0
-53.427 17.369 -42.726 0
-48.477 22.319 -42.726 0
-48.477 17.369 -37.776 0
-53.427 22.319 -37.776 0
-53.427 17.369 -32.827 0
-48.477 22.319 -32.827 0
-48.477 17.369 -27.877 0
-53.427 22.319 -27.877 0
-53.427 17.369 -22.927 0
-48.477 22.319 -22.927 0
-48.477 17.369 -17.977 0
-53.427 22.319 -17.977 0
-53.427 17.369 -13.028 0
-48.477 22.319 -13.028 0
-48.477 17.369 -8.078 0
-53.427 22.319 -8.078 0
-53.427 17.369 -3.128 0
-48.477 22.319 -3.128 0
-48.477 17.369 1.822 0
-53.427 22.319 1.822 0
-53.427 17.369 6.771 0
-48.477 22.319 6.771 0
-48.477 17.369 11.721 0
-53.427 22.319 11.721 0
-53.427 17.369 16.671 0
-48.477 22.319 16.671 0
-48.477 17.369 21.621 0
-53.427 22.319 21.621 0
-53.427 17.369 26.570 0
-48.477 22.319 26.570 0
-48.477 17.369 31.520 0
-53.427 22.319 31.520 0
-53.427 17.369 36.470 0
-48.477 22.319 36.470 0
-48.477 17.369 41.420 0
-53.427 22.319 41.420 0
-48.477 32.219 -42.726 0
-48.477 27.269 -37.776 0
-53.427 32.219 -37.776 0
-53.427 27.269 -32.827 0
-48.477 32.219 -32.827 0
-48.477 27.269 -27.877 0
-53.427 32.219 -27.877 0
-53.427 27.269 -22.927 0
-48.477 32.219 -22.927 0
-48.477 27.269 -17.977 0
-53.427 32.219 -17.977 0
-53.427 27.269 -13.028 0
-48.477 32.219 -13.028 0
-48.477 27.269 -8.078 0
-53.427 32.219 -8.078 0
-53.427 27.269 -3.128 0
-48.477 32.219 -3.128 0
-48.477 27.269 1.822 0
-53.427 32.219 1.822 0
-53.427 27.269 6.771 0
-48.477 32.219 6.771 0
-48.477 27.269 11.721 0
-53.427 32.219 11.721 0
-53.427 27.269 16.671 0
-48.477 32.219 16.671 1
-48.477 27.269 21.621 0
-53.427 32.219 21.621 0
-53.427 27.269 26.570 0
-48.477 32.219 26.570 1
-48.477 27.269 31.520 0
-53.427 32.219 31.520 0
-53.427 27.269 36.470 0
-48.477 32.219 36.470 0
-48.477 27.269 41.420 0
-48.477 37.168 -37.776 0
-53.427 37.168 -32.827 0
-48.477 42.118 -32.827 0
-48.477 37.168 -27.877 0
-53.427 42.118 -27.877 0
-53.427 37.168 -22.927 0
-48.477 42.118 -22.927 0
-48.477 37.168 -17.977 0
-53.427 42.118 -17.977 0
-53.427 37.168 -13.028 0
-48.477 42.118 -13.028 0
-48.477 37.168 -8.078 0
-53.427 42.118 -8.078 0
-53.427 37.168 -3.128 0
-48.477 42.118 -3.128 0
-48.477 37.168 1.822 0
-53.427 42.118 1.822 0
-53.427 37.168 6.771 0
-48.477 42.118 6.771 0
-48.477 37.168 11.721 1
-53.427 42.118 11.721 0
-53.427 37.168 16.671 0
-48.477 42.118 16.671 1
-48.477 37.168 21.621 1
-53.427 42.118 21.621 0
-53.427 37.168 26.570 0
-48.477 42.118 26.570 1
-48.477 37.168 31.520 0
-53.427 42.118 31.520 0
-53.427 37.168 36.470 0
-48.477 42.118 36.470 0
-53.427 47.068 -32.827 0
-48.477 52.018 -32.827 0
-48.477 47.068 -27.877 0
-53.427 52.018 -27.877 0
-53.427 47.068 -22.927 0
-48.477 52.018 -22.927 0
-48.477 47.068 -17.977 0
-53.427 52.018 -17.977 0
-53.427 47.068 -13.028 0
-48.477 52.018 -13.028 0
-48.477 47.068 -8.078 0
-53.427 52.018 -8.078 0
-53.427 47.068 -3.128 0
-48.477 52.018 -3.128 0
-48.477 47.068 1.822 0
-53.427 52.018 1.822 0
-53.427 47.068 6.771 0
-48.477 52.018 6.771 0
-48.477 47.068 11.721 0
-53.427 52.018 11.721 0
-53.427 47.068 16.671 0
-48.477 52.018 16.671 0
-48.477 47.068 21.621 1
-53.427 52.018 21.621 0
-53.427 47.068 26.570 0
-48.477 52.018 26.570 0
-48.477 47.068 31.520 0
-48.477 56.967 -27.877 0
-53.427 56.967 -22.927 0
-48.477 61.917 -22.927 0
-48.477 56.967 -17.977 0
-53.427 61.917 -17.977 0
-53.427 56.967 -13.028 0
-48.477 61.917 -13.028 0
-48.477 56.967 -8.078 0
-53.427 61.917 -8.078 0
-53.427 56.967 -3.128 0
-48.477 61.917 -3.128 0
-48.477 56.967 1.822 0
-53.427 61.917 1.822 0
-53.427 56.967 6.771 0
-48.477 61.917 6.771 0
-48.477 56.967 11.721 0
-53.427 61.917 11.721 0
-53.427 56.967 16.671 0
-48.477 61.917 16.671 0
-48.477 56.967 21.621 0
-48.477 66.867 -17.977 0
-48.477 66.867 -8.078 0
-53.427 66.867 -3.128 0
-48.477 71.817 -3.128 0
-48.477 66.867 1.822 0
-53.427 66.867 6.771 0
-48.477 66.867 11.721 0
-38.578 -76.676 -3.128 0
-38.578 -76.676 6.771 0
-38.578 -66.776 -22.927 0
-38.578 -71.726 -17.977 0
-43.528 -66.776 -17.977 0
-43.528 -71.726 -13.028 0
-38.578 -66.776 -13.028 0
-38.578 -71.726 -8.078 0
-43.528 -66.776 -8.078 0
-43.528 -71.726 -3.128 0
-38.578 -66.776 -3.128 0
-38.578 -71.726 1.822 0
-43.528 -66.776 1.822 0
-43.528 -71.726 6.771 0
-38.578 -66.776 6.771 0
-38.578 -71.726 11.721 0
-43.528 -66.776 11.721 0
-38.578 -66.776 16.671 0
-43.528 -66.776 21.621 0
-38.578 -66.776 26.570 0
-38.578 -56.877 -32.827 0
-38.578 -61.827 -27.877 0
-43.528 -56.877 -27.877 0
-43.528 -61.827 -22.927 0
-38.578 -56.877 -22.927 0
-38.578 -61.827 -17.977 0
-43.528 -56.877 -17.977 0
-43.528 -61.827 -13.028 0
-38.578 -56.877 -13.028 0
-38.578 -61.827 -8.078 0
-43.528 -56.877 -8.078 0
-43.528 -61.827 -3.128 0
-38.578 -56.877 -3.128 0
-38.578 -61.827 1.822 0
-43.528 -56.877 1.822 0
-43.528 -61.827 6.771 0
-38.578 -56.877 6.771 0
-38.578 -61.827 11.721 0
-43.528 -56.877 11.721 0
-43.528 -61.827 16.671 0
-38.578 -56.877 16.671 0
-38.578 -61.827 21.621 0
-43.528 -56.877 21.621 0
-43.528 -61.827 26.570 0
-38.578 -56.877 26.570 0
-38.578 -61.827 31.520 0
-43.528 -56.877 31.520 0
-38.578 -51.927 -37.776 0
-43.528 -46.977 -37.776 0
-43.528 -51.927 -32.827 0
-38.578 -46.977 -32.827 0
-38.578 -51.927 -27.877 0
-43.528 -46.977 -27.877 0
-43.528 -51.927 -22.927 0
-38.578 -46.977 -22.927 0
-38.578 -51.927 -17.977 0
-43.528 -46.977 -17.977 1
-43.528 -51.927 -13.028 0
-38.578 -46.977 -13.028 1
-38.578 -51.927 -8.078 0
-43.528 -46.977 -8.078 1
-43.528 -51.927 -3.128 1
-38.578 -46.977 -3.128 1
-38.578 -51.927 1.822 0
-43.528 -46.977 1.822 1
-43.528 -51.927 6.771 0
-38.578 -46.977 6.771 1
-38.578 -51.927 11.721 0
-43.528 -46.977 11.721 0
-43.528 -51.927 16.671 0
-38.578 -46.977 16.671 0
-38.578 -51.927 21.621 0
-43.528 -46.977 21.621 0
-43.528 -51.927 26.570 0
-38.578 -46.977 26.570 0
-38.578 -51.927 31.520 0
-43.528 -46.977 31.520 0
-38.578 -46.977 36.470 0
-38.578 -37.078 -42.726 0
-38.578 -42.028 -37.776 0
-43.528 -37.078 -37.776 0
-43.528 -42.028 -32.827 0
-38.578 -37.078 -32.827 0
-38.578 -42.028 -27.877 0
-43.528 -37.078 -27.877 1
-43.528 -42.028 -22.927 1
-38.578 -37.078 -22.927 1
-38.578 -42.028 -17.977 1
-43.528 -37.078 -17.977 1
-43.528 -42.028 -13.028 1
-38.578 -37.078 -13.028 1
-38.578 -42.028 -8.078 1
-43.528 -37.078 -8.078 1
-43.528 -42.028 -3.128 1
-38.578 -37.078 -3.128 1
-38.578 -42.028 1.822 1
-43.528 -37.078 1.822 1
-43.528 -42.028 6.771 1
-38.578 -37.078 6.771 1
-38.578 -42.028 11.721 1
-43.528 -37.078 11.721 1
-43.528 -42.028 16.671 0
-38.578 -37.078 16.671 1
-38.578 -42.028 21.621 0
-43.528 -37.078 21.621 0
-43.528 -42.028 26.570 0
-38.578 -37.078 26.570 0
-38.578 -42.028 31.520 0
-43.528 -37.078 31.520 0
-43.528 -42.028 36.470 0
-38.578 -37.078 36.470 0
-38.578 -42.028 41.420 0
-43.528 -37.078 41.420 0
-43.528 -32.128 -42.726 0
-38.578 -27.178 -42.726 0
-38.578 -32.128 -37.776 0
-43.528 -27.178 -37.776 0
-43.528 -32.128 -32.827 0
-38.578 -27.178 -32.827 0
-38.578 -32.128 -27.877 1
-43.528 -27.178 -27.877 1
-43.528 -32.128 -22.927 1
-38.578 -27.178 -22.927 1
-38.578 -32.128 -17.977 1
-43.528 -27.178 -17.977 1
-43.528 -32.128 -13.028 1
-38.578 -27.178 -13.028 1
-38.578 -32.128 -8.078 1
-43.528 -27.178 -8.078 1
-43.528 -32.128 -3.128 1
-38.578 -27.178 -3.128 1
-38.578 -32.128 1.822 1
-43.528 -27.178 1.822 1
-43.528 -32.128 6.771 1
-38.578 -27.178 6.771 1
-38.578 -32.128 11.721 1
-43.528 -27.178 11.721 1
-43.528 -32.128 16.671 1
-38.578 -27.178 16.671 1
-38.578 -32.128 21.621 0
-43.528 -27.178 21.621 1
-43.528 -32.128 26.570 0
-38.578 -27.178 26.570 0
-38.578 -32.128 31.520 0
-43.528 -27.178 31.520 0
-43.528 -32.128 36.470 0
-38.578 -27.178 36.470 0
-38.578 -32.128 41.420 0
-43.528 -27.178 41.420 0
-38.578 -27.178 46.369 0
-38.578 -22.229 -47.676 0
-43.528 -17.279 -47.676 0
-43.528 -22.229 -42.726 0
-38.578 -17.279 -42.726 0
-38.578 -22.229 -37.776 0
-43.528 -17.279 -37.776 0
-43.528 -22.229 -32.827 0
-38.578 -17.279 -32.827 0
-38.578 -22.229 -27.877 1
-43.528 -17.279 -27.877 1
-43.528 -22.229 -22.927 1
-38.578 -17.279 -22.927 1
-38.578 -22.229 -17.977 1
-43.528 -17.279 -17.977 1
-43.528 -22.229 -13.028 1
-38.578 -17.279 -13.028 1
-38.578 -22.229 -8.078 1
-43.528 -17.279 -8.078 1
-43.528 -22.229 -3.128 1
-38.578 -17.279 -3.128 1
-38.578 -22.229 1.822 1
-43.528 -17.279 1.822 1
-43.528 -22.229 6.771 1
-38.578 -17.279 6.771 1
-38.578 -22.229 11.721 1
-43.528 -17.279 11.721 1
-43.528 -22.229 16.671 1
-38.578 -17.279 16.671 1
-38.578 -22.229 21.621 0
-43.528 -17.279 21.621 0
-43.528 -22.229 26.570 0
-38.578 -17.279 26.570 0
-38.578 -22.229 31.520 0
-43.528 -17.279 31.520 0
-43.528 -22.229 36.470 0
-38.578 -17.279 36.470 0
-38.578 -22.229 41.420 0
-43.528 -17.279 41.420 0
-43.528 -22.229 46.369 0
-38.578 -17.279 46.369 0
-38.578 -12.329 -47.676 0
-43.528 -7.379 -47.676 0
-43.528 -12.329 -42.726 0
-38.578 -7.379 -42.726 0
-38.578 -12.329 -37.776 0
-43.528 -7.379 -37.776 0
-43.528 -12.329 -32.827 0
-38.578 -7.379 -32.827 0
-38.578 -12.329 -27.877 0
-43.528 -7.379 -27.877 0
-43.528 -12.329 -22.927 1
-38.578 -7.379 -22.927 0
-38.578 -12.329 -17.977 1
-43.528 -7.379 -17.977 1
-43.528 -12.329 -13.028 1
-38.578 -7.379 -13.028 1
-38.578 -12.329 -8.078 1
-43.528 -7.379 -8.078 1
-43.528 -12.329 -3.128 1
-38.578 -7.379 -3.128 1
-38.578 -12.329 1.822 1
-43.528 -7.379 1.822 1
-43.528 -12.329 6.771 1
-38.578 -7.379 6.771 1
-38.578 -12.329 11.721 1
-43.528 -7.379 11.721 1
-43.528 -12.329 16.671 1
-38.578 -7.379 16.671 0
-38.578 -12.329 21.621 0
-43.528 -7.379 21.621 0
-43.528 -12.329 26.570 0
-38.578 -7.379 26.570 0
-38.578 -12.329 31.520 0
-43.528 -7.379 31.520 0
-43.528 -12.329 36.470 0
-38.578 -7.379 36.470 0
-38.578 -12.329 41.420 0
-43.528 -7.379 41.420 0
-43.528 -12.329 46.369 0
-38.578 -7.379 46.369 0
-38.578 -2.430 -47.676 0
-43.528 2.520 -47.676 0
-43.528 -2.430 -42.726 0
-38.578 2.520 -42.726 0
-38.578 -2.430 -37.776 0
-43.528 2.520 -37.776 0
-43.528 -2.430 -32.827 0
-38.578 2.520 -32.827 0
-38.578 -2.430 -27.877 0
-43.528 2.520 -27.877 0
-43.528 -2.430 -22.927 0
-38.578 2.520 -22.927 0
-38.578 -2.430 -17.977 0
-43.528 2.520 -17.977 0
-43.528 -2.430 -13.028 1
-38.578 2.520 -13.028 0
-38.578 -2.430 -8.078 1
-43.528 2.520 -8.078 0
-43.528 -2.430 -3.128 1
-38.578 2.520 -3.128 0
-38.578 -2.430 1.822 1
-43.528 2.520 1.822 0
-43.528 -2.430 6.771 1
-38.578 2.520 6.771 0
-38.578 -2.430 11.721 0
-43.528 2.520 11.721 0
-43.528 -2.430 16.671 0
-38.578 2.520 16.671 0
-38.578 -2.430 21.621 0
-43.528 2.520 21.621 0
-43.528 -2.430 26.570 0
-38.578 2.520 26.570 0
-38.578 -2.430 31.520 0
-43.528 2.520 31.520 0
-43.528 -2.430 36.470 0
-38.578 2.520 36.470 0
-38.578 -2.430 41.420 0
-43.528 2.520 41.420 0
-43.528 -2.430 46.369 0
-38.578 2.520 46.369 0
-38.578 -2.430 51.319 0
-38.578 7.470 -47.676 0
-43.528 12.420 -47.676 0
-43.528 7.470 -42.726 0
-38.578 12.420 -42.726 0
-38.578 7.470 -37.776 0
-43.528 12.420 -37.776 0
-43.528 7.470 -32.827 0
-38.578 12.420 -32.827 0
-38.578 7.470 -27.877 0
-43.528 12.420 -27.877 0
-43.528 7.470 -22.927 0
-38.578 12.420 -22.927 0
-38.578 7.470 -17.977 0
-43.528 12.420 -17.977 0
-43.528 7.470 -13.028 0
-38.578 12.420 -13.028 0
-38.578 7.470 -8.078 0
-43.528 12.420 -8.078 0
-43.528 7.470 -3.128 0
-38.578 12.420 -3.128 0
-38.578 7.470 1.822 0
-43.528 12.420 1.822 0
-43.528 7.470 6.771 0
-38.578 12.420 6.771 0
-38.578 7.470 11.721 0
-43.528 12.420 11.721 0
-43.528 7.470 16.671 0
-38.578 12.420 16.671 0
-38.578 7.470 21.621 0
-43.528 12.420 21.621 0
-43.528 7.470 26.570 0
-38.578 12.420 26.570 0
-38.578 7.470 31.520 0
-43.528 12.420 31.520 0
-43.528 7.470 36.470 0
-38.578 12.420 36.470 0
-38.578 7.470 41.420 0
-43.528 12.420 41.420 0
-43.528 7.470 46.369 0
-38.578 12.420 46.369 0
-38.578 7.470 51.319 0
-38.578 17.369 -47.676 0
-43.528 22.319 -47.676 0
-43.528 17.369 -42.726 0
-38.578 22.319 -42.726 0
-38.578 17.369 -37.776 0
-43.528 22.319 -37.776 0
-43.528 17.369 -32.827 0
-38.578 22.319 -32.827 0
-38.578 17.369 -27.877 0
-43.528 22.319 -27.877 0
-43.528 17.369 -22.927 0
-38.578 22.319 -22.927 0
-38.578 17.369 -17.977 0
-43.528 22.319 -17.977 0
-43.528 17.369 -13.028 0
-38.578 22.319 -13.028 0
-38.578 17.369 -8.078 0
-43.528 22.319 -8.078 0
-43.528 17.369 -3.128 0
-38.578 22.319 -3.128 0
-38.578 17.369 1.822 0
-43.528 22.319 1.822 0
-43.528 17.369 6.771 0
-38.578 22.319 6.771 0
-38.578 17.369 11.721 0
-43.528 22.319 11.721 0
-43.528 17.369 16.671 0
-38.578 22.319 16.671 1
-38.578 17.369 21.621 0
-43.528 22.319 21.621 1
-43.528 17.369 26.570 0
-38.578 22.319 26.570 1
-38.578 17.369 31.520 0
-43.528 22.319 31.520 0
-43.528 17.369 36.470 0
-38.578 22.319 36.470 0
-38.578 17.369 41.420 0
-43.528 22.319 41.420 0
-43.528 17.369 46.369 0
-38.578 22.319 46.369 0
-38.578 27.269 -47.676 0
-43.528 27.269 -42.726 0
-38.578 32.219 -42.726 0
-38.578 27.269 -37.776 0
-43.528 32.219 -37.776 0
-43.528 27.269 -32.827 0
-38.578 32.219 -32.827 0
-38.578 27.269 -27.877 0
-43.528 32.219 -27.877 0
-43.528 27.269 -22.927 0
-38.578 32.219 -22.927 0
-38.578 27.269 -17.977 0
-43.528 32.219 -17.977 0
-43.528 27.269 -13.028 0
-38.578 32.219 -13.028 0
-38.578 27.269 -8.078 0
-43.528 32.219 -8.078 0
-43.528 27.269 -3.128 0
-38.578 32.219 -3.128 0
-38.578 27.269 1.822 0
-43.528 32.219 1.822 0
-43.528 27.269 6.771 0
-38.578 32.219 6.771 1
-38.578 27.269 11.721 1
-43.528 32.219 11.721 1
-43.528 27.269 16.671 1
-38.578 32.219 16.671 1
-38.578 27.269 21.621 1
-43.528 32.219 21.621 1
-43.528 27.269 26.570 1
-38.578 32.219 26.570 1
-38.578 27.269 31.520 1
-43.528 32.219 31.520 1
-43.528 27.269 36.470 0
-38.578 32.219 36.470 1
-38.578 27.269 41.420 0
-43.528 32.219 41.420 0
-43.528 27.269 46.369 0
-38.578 32.219 46.369 0
-43.528 37.168 -42.726 0
-38.578 42.118 -42.726 0
-38.578 37.168 -37.776 0
-43.528 42.118 -37.776 0
-43.528 37.168 -32.827 0
-38.578 42.118 -32.827 0
-38.578 37.168 -27.877 0
-43.528 42.118 -27.877 0
-43.528 37.168 -22.927 0
-38.578 42.118 -22.927 0
-38.578 37.168 -17.977 0
-43.528 42.118 -17.977 0
-43.528 37.168 -13.028 0
-38.578 42.118 -13.028 0
-38.578 37.168 -8.078 0
-43.528 42.118 -8.078 0
-43.528 37.168 -3.128 0
-38.578 42.118 -3.128 0
-38.578 37.168 1.822 1
-43.528 42.118 1.822 0
-43.528 37.168 6.771 1
-38.578 42.118 6.771 1
-38.578 37.168 11.721 1
-43.528 42.118 11.721 1
-43.528 37.168 16.671 1
-38.578 42.118 16.671 1
-38.578 37.168 21.621 1
-43.528 42.118 21.621 1
-43.528 37.168 26.570 1
-38.578 42.118 26.570 1
-38.578 37.168 31.520 1
-43.528 42.118 31.520 1
-43.528 37.168 36.470 1
-38.578 42.118 36.470 1
-38.578 37.168 41.420 1
-43.528 42.118 41.420 0
-38.578 47.068 -37.776 0
-43.528 47.068 -32.827 0
-38.578 52.018 -32.827 0
-38.578 47.068 -27.877 0
-43.528 52.018 -27.877 0
-43.528 47.068 -22.927 0
-38.578 52.018 -22.927 0
-38.578 47.068 -17.977 0
-43.528 52.018 -17.977 0
-43.528 47.068 -13.028 0
-38.578 52.018 -13.028 0
-38.578 47.068 -8.078 0
-43.528 52.018 -8.078 0
-43.528 47.068 -3.128 0
-38.578 52.018 -3.128 0
-38.578 47.068 1.822 0
-43.528 52.018 1.822 0
-43.528 47.068 6.771 1
-38.578 52.018 6.771 1
-38.578 47.068 11.721 1
-43.528 52.018 11.721 1
-43.528 47.068 16.671 1
-38.578 52.018 16.671 1
-38.578 47.068 21.621 1
-43.528 52.018 21.621 1
-43.528 47.068 26.570 1
-38.578 52.018 26.570 1
-38.578 47.068 31.520 1
-43.528 52.018 31.520 1
-43.528 47.068 36.470 0
-38.578 52.018 36.470 1
-38.578 47.068 41.420 0
-43.528 56.967 -32.827 0
-38.578 56.967 -27.877 0
-43.528 61.917 -27.877 0
-43.528 56.967 -22.927 0
-38.578 61.917 -22.927 0
-38.578 56.967 -17.977 0
-43.528 61.917 -17.977 0
-43.528 56.967 -13.028 0
-38.578 61.917 -13.028 0
-38.578 56.967 -8.078 0
-43.528 61.917 -8.078 0
-43.528 56.967 -3.128 0
-38.578 61.917 -3.128 0
-38.578 56.967 1.822 0
-43.528 61.917 1.822 0
-43.528 56.967 6.771 0
-38.578 61.917 6.771 0
-38.578 56.967 11.721 1
-43.528 61.917 11.721 0
-43.528 56.967 16.671 0
-38.578 61.917 16.671 0
-38.578 56.967 21.621 1
-43.528 61.917 21.621 0
-43.528 56.967 26.570 0
-38.578 61.917 26.570 0
-38.578 56.967 31.520 1
-43.528 66.867 -22.927 0
-38.578 66.867 -17.977 0
-43.528 66.867 -13.028 0
-38.578 71.817 -13.028 0
-38.578 66.867 -8.078 0
-43.528 71.817 -8.078 0
-43.528 66.867 -3.128 0
-38.578 71.817 -3.128 0
-38.578 66.867 1.822 0
-43.528 71.817 1.822 0
-43.528 66.867 6.771 0
-38.578 71.817 6.771 0
-38.578 66.867 11.721 0
-43.528 71.817 11.721 0
-43.528 66.867 16.671 0
-38.578 71.817 16.671 0
-38.578 66.867 21.621 0
-38.578 76.766 -8.078 0
-38.578 76.766 1.822 0
-28.678 -76.676 -13.028 0
-33.628 -76.676 -8.078 0
-28.678 -76.676 -3.128 0
-28.678 -81.626 1.822 0
-33.628 -76.676 1.822 0
-28.678 -76.676 6.771 0
-33.628 -76.676 11.721 0
-28.678 -76.676 16.671 0
-33.628 -66.776 -27.877 0
-33.628 -71.726 -22.927 0
-28.678 -66.776 -22.927 0
-28.678 -71.726 -17.977 0
-33.628 -66.776 -17.977 0
-33.628 -71.726 -13.028 0
-28.678 -66.776 -13.028 0
-28.678 -71.726 -8.078 0
-33.628 -66.776 -8.078 0
-33.628 -71.726 -3.128 0
-28.678 -66.776 -3.128 0
-28.678 -71.726 1.822 0
-33.628 -66.776 1.822 0
-33.628 -71.726 6.771 0
-28.678 -66.776 6.771 0
-28.678 -71.726 11.721 0
-33.628 -66.776 11.721 0
-33.628 -71.726 16.671 0
-28.678 -66.776 16.671 0
-28.678 -71.726 21.621 0
-33.628 -66.776 21.621 0
-28.678 -66.776 26.570 0
-33.628 -61.827 -32.827 0
-28.678 -56.877 -32.827 0
-28.678 -61.827 -27.877 0
-33.628 -56.877 -27.877 0
-33.628 -61.827 -22.927 0
-28.678 -56.877 -22.927 0
-28.678 -61.827 -17.977 0
-33.628 -56.877 -17.977 0
-33.628 -61.827 -13.028 0
-28.678 -56.877 -13.028 0
-28.678 -61.827 -8.078 0
-33.628 -56.877 -8.078 0
-33.628 -61.827 -3.128 0
-28.678 -56.877 -3.128 0
-28.678 -61.827 1.822 0
-33.628 -56.877 1.822 0
-33.628 -61.827 6.771 0
-28.678 -56.877 6.771 0
-28.678 -61.827 11.721 0
-33.628 -56.877 11.721 0
-33.628 -61.827 16.671 0
-28.678 -56.877 16.671 0
-28.678 -61.827 21.621 0
-33.628 -56.877 21.621 0
-33.628 -61.827 26.570 0
-28.678 -56.877 26.570 0
-28.678 -61.827 31.520 0
-33.628 -56.877 31.520 0
-28.678 -56.877 36.470 0
-28.678 -46.977 -42.726 0
-28.678 -51.927 -37.776 0
-33.628 -46.977 -37.776 0
-33.628 -51.927 -32.827 0
-28.678 -46.977 -32.827 0
-28.678 -51.927 -27.877 0
-33.628 -46.977 -27.877 0
-33.628 -51.927 -22.927 0
-28.678 -46.977 -22.927 0
-28.678 -51.927 -17.977 0
-33.628 -46.977 -17.977 0
-33.628 -51.927 -13.028 0
-28.678 -46.977 -13.028 0
-28.678 -51.927 -8.078 0
-33.628 -46.977 -8.078 1
-33.628 -51.927 -3.128 0
-28.678 -46.977 -3.128 0
-28.678 -51.927 1.822 0
-33.628 -46.977 1.822 0
-33.628 -51.927 6.771 0
-28.678 -46.977 6.771 0
-28.678 -51.927 11.721 0
-33.628 -46.977 11.721 0
-33.628 -51.927 16.671 0
-28.678 -46.977 16.671 0
-28.678 -51.927 21.621 0
-33.628 -46.977 21.621 0
-33.628 -51.927 26.570 0
-28.678 -46.977 26.570 0
-28.678 -51.927 31.520 0
-33.628 -46.977 31.520 0
-33.628 -51.927 36.470 0
-28.678 -46.977 36.470 0
-28.678 -51.927 41.420 0
-33.628 -46.977 41.420 0
-33.628 -42.028 -42.726 0
-28.678 -37.078 -42.726 0
-28.678 -42.028 -37.776 0
-33.628 -37.078 -37.776 0
-33.628 -42.028 -32.827 0
-28.678 -37.078 -32.827 0
-28.678 -42.028 -27.877 0
-33.628 -37.078 -27.877 0
-33.628 -42.028 -22.927 0
-28.678 -37.078 -22.927 0
-28.678 -42.028 -17.977 0
-33.628 -37.078 -17.977 1
-33.628 -42.028 -13.028 1
-28.678 -37.078 -13.028 1
-28.678 -42.028 -8.078 0
-33.628 -37.078 -8.078 1
-33.628 -42.028 -3.128 1
-28.678 -37.078 -3.128 1
-28.678 -42.028 1.822 0
-33.628 -37.078 1.822 1
-33.628 -42.028 6.771 1
-28.678 -37.078 6.771 1
-28.678 -42.028 11.721 0
-33.628 -37.078 11.721 1
-33.628 -42.028 16.671 0
-28.678 -37.078 16.671 0
-28.678 -42.028 21.621 0
-33.628 -37.078 21.621 0
-33.628 -42.028 26.570 0
-28.678 -37.078 26.570 0
-28.678 -42.028 31.520 0
-33.628 -37.078 31.520 0
-33.628 -42.028 36.470 0
-28.678 -37.078 36.470 0
-28.678 -42.028 41.420 0
-33.628 -37.078 41.420 0
-28.678 -37.078 46.369 0
-28.678 -32.128 -47.676 0
-33.628 -27.178 -47.676 0
-33.628 -32.128 -42.726 0
-28.678 -27.178 -42.726 0
-28.678 -32.128 -37.776 0
-33.628 -27.178 -37.776 0
-33.628 -32.128 -32.827 0
-28.678 -27.178 -32.827 0
-28.678 -32.128 -27.877 0
-33.628 -27.178 -27.877 0
-33.628 -32.128 -22.927 1
-28.678 -27.178 -22.927 0
-28.678 -32.128 -17.977 1
-33.628 -27.178 -17.977 1
-33.628 -32.128 -13.028 1
-28.678 -27.178 -13.028 1
-28.678 -32.128 -8.078 1
-33.628 -27.178 -8.078 1
-33.628 -32.128 -3.128 1
-28.678 -27.178 -3.128 1
-28.678 -32.128 1.822 1
-33.628 -27.178 1.822 1
-33.628 -32.128 6.771 1
-28.678 -27.178 6.771 1
-28.678 -32.128 11.721 0
-33.628 -27.178 11.721 1
-33.628 -32.128 16.671 0
-28.678 -27.178 16.671 0
-28.678 -32.128 21.621 0
-33.628 -27.178 21.621 0
-33.628 -32.128 26.570 0
-28.678 -27.178 26.570 0
-28.678 -32.128 31.520 0
-33.628 -27.178 31.520 0
-33.628 -32.128 36.470 0
-28.678 -27.178 36.470 0
-28.678 -32.128 41.420 0
-33.628 -27.178 41.420 0
-33.628 -32.128 46.369 0
-28.678 -27.178 46.369 0
-28.678 -17.279 -52.626 0
-28.678 -22.229 -47.676 0
-33.628 -17.279 -47.676 0
-33.628 -22.229 -42.726 0
-28.678 -17.279 -42.726 0
-28.678 -22.229 -37.776 0
-33.628 -17.279 -37.776 0
-33.628 -22.229 -32.827 0
-28.678 -17.279 -32.827 0
-28.678 -22.229 -27.877 0
-33.628 -17.279 -27.877 0
-33.628 -22.229 -22.927 1
-28.678 -17.279 -22.927 0
-28.678 -22.229 -17.977 1
-33.628 -17.279 -17.977 1
-33.628 -22.229 -13.028 1
-28.678 -17.279 -13.028 1
-28.678 -22.229 -8.078 1
-33.628 -17.279 -8.078 1
-33.628 -22.229 -3.128 1
-28.678 -17.279 -3.128 1
-28.678 -22.229 1.822 1
-33.628 -17.279 1.822 1
-33.628 -22.229 6.771 1
-28.678 -17.279 6.771 1
-28.678 -22.229 11.721 0
-33.628 -17.279 11.721 1
-33.628 -22.229 16.671 1
-28.678 -17.279 16.671 0
-28.678 -22.229 21.621 0
-33.628 -17.279 21.621 0
-33.628 -22.229 26.570 0
-28.678 -17.279 26.570 0
-28.678 -22.229 31.520 0
-33.628 -17.279 31.520 0
-33.628 -22.229 36.470 0
-28.678 -17.279 36.470 0
-28.678 -22.229 41.420 0
-33.628 -17.279 41.420 0
-33.628 -22.229 46.369 0
-28.678 -17.279 46.369 0
-28.678 -22.229 51.319 0
-33.628 -17.279 51.319 0
-33.628 -12.329 -52.626 0
-28.678 -7.379 -52.626 0
-28.678 -12.329 -47.676 0
-33.628 -7.379 -47.676 0
-33.628 -12.329 -42.726 0
-28.678 -7.379 -42.726 0
-28.678 -12.329 -37.776 0
-33.628 -7.379 -37.776 0
-33.628 -12.329 -32.827 0
-28.678 -7.379 -32.827 0
-28.678 -12.329 -27.877 0
-33.628 -7.379 -27.877 0
-33.628 -12.329 -22.927 0
-28.678 -7.379 -22.927 0
-28.678 -12.329 -17.977 0
-33.628 -7.379 -17.977 0
-33.628 -12.329 -13.028 1
-28.678 -7.379 -13.028 0
-28.678 -12.329 -8.078 1
-33.628 -7.379 -8.078 1
-33.628 -12.329 -3.128 1
-28.678 -7.379 -3.128 0
-28.678 -12.329 1.822 1
-33.628 -7.379 1.822 1
-33.628 -12.329 6.771 1
-28.678 -7.379 6.771 0
-28.678 -12.329 11.721 0
-33.628 -7.379 11.721 0
-33.628 -12.329 16.671 0
-28.678 -7.379 16.671 0
-28.678 -12.329 21.621 0
-33.628 -7.379 21.621 0
-33.628 -12.329 26.570 0
-28.678 -7.379 26.570 0
-28.678 -12.329 31.520 0
-33.628 -7.379 31.520 0
-33.628 -12.329 36.470 0
-28.678 -7.379 36.470 0
-28.678 -12.329 41.420 0
-33.628 -7.379 41.420 0
-33.628 -12.329 46.369 0
-28.678 -7.379 46.369 0
-28.678 -12.329 51.319 0
-33.628 -7.379 51.319 0
-33.628 -2.430 -52.626 0
-28.678 2.520 -52.626 0
-28.678 -2.430 -47.676 0
-33.628 2.520 -47.676 0
-33.628 -2.430 -42.726 0
-28.678 2.520 -42.726 0
-28.678 -2.430 -37.776 0
-33.628 2.520 -37.776 0
-33.628 -2.430 -32.827 0
-28.678 2.520 -32.827 0
-28.678 -2.430 -27.877 0
-33.628 2.520 -27.877 0
-33.628 -2.430 -22.927 0
-28.678 2.520 -22.927 0
-28.678 -2.430 -17.977 0
-33.628 2.520 -17.977 0
-33.628 -2.430 -13.028 0
-28.678 2.520 -13.028 0
-28.678 -2.430 -8.078 0
-33.628 2.520 -8.078 0
-33.628 -2.430 -3.128 0
-28.678 2.520 -3.128 0
-28.678 -2.430 1.822 0
-33.628 2.520 1.822 0
-33.628 -2.430 6.771 0
-28.678 2.520 6.771 0
-28.678 -2.430 11.721 0
-33.628 2.520 11.721 0
-33.628 -2.430 16.671 0
-28.678 2.520 16.671 0
-28.678 -2.430 21.621 0
-33.628 2.520 21.621 0
-33.628 -2.430 26.570 0
-28.678 2.520 26.570 0
-28.678 -2.430 31.520 0
-33.628 2.520 31.520 0
-33.628 -2.430 36.470 0
-28.678 2.520 36.470 0
-28.678 -2.430 41.420 0
-33.628 2.520 41.420 0
-33.628 -2.430 46.369 0
-28.678 2.520 46.369 0
-28.678 -2.430 51.319 0
-33.628 2.520 51.319 0
-33.628 7.470 -52.626 0
-28.678 12.420 -52.626 0
-28.678 7.470 -47.676 0
-33.628 12.420 -47.676 0
-33.628 7.470 -42.726 0
-28.678 12.420 -42.726 0
-28.678 7.470 -37.776 0
-33.628 12.420 -37.776 0
-33.628 7.470 -32.827 0
-28.678 12.420 -32.827 0
-28.678 7.470 -27.877 0
-33.628 12.420 -27.877 0
-33.628 7.470 -22.927 0
-28.678 12.420 -22.927 0
-28.678 7.470 -17.977 0
-33.628 12.420 -17.977 0
-33.628 7.470 -13.028 0
-28.678 12.420 -13.028 0
-28.678 7.470 -8.078 0
-33.628 12.420 -8.078 0
-33.628 7.470 -3.128 0
-28.678 12.420 -3.128 0
-28.678 7.470 1.822 0
-33.628 12.420 1.822 0
-33.628 7.470 6.771 0
-28.678 12.420 6.771 0
-28.678 7.470 11.721 0
-33.628 12.420 11.721 0
-33.628 7.470 16.671 0
-28.678 12.420 16.671 0
-28.678 7.470 21.621 0
-33.628 12.420 21.621 0
-33.628 7.470 26.570 0
-28.678 12.420 26.570 0
-28.678 7.470 31.520 0
-33.628 12.420 31.520 0
-33.628 7.470 36.470 0
-28.678 12.420 36.470 0
-28.678 7.470 41.420 0
-33.628 12.420 41.420 0
-33.628 7.470 46.369 0
-28.678 12.420 46.369 0
-28.678 7.470 51.319 0
-33.628 12.420 51.319 0
-28.678 17.369 -47.676 0
-33.628 22.319 -47.676 0
-33.628 17.369 -42.726 0
-28.678 22.319 -42.726 0
-28.678 17.369 -37.776 0
-33.628 22.319 -37.776 0
-33.628 17.369 -32.827 0
-28.678 22.319 -32.827 0
-28.678 17.369 -27.877 0
-33.628 22.319 -27.877 0
-33.628 17.369 -22.927 0
-28.678 22.319 -22.927 0
-28.678 17.369 -17.977 0
-33.628 22.319 -17.977 0
-33.628 17.369 -13.028 0
-28.678 22.319 -13.028 0
-28.678 17.369 -8.078 0
-33.628 22.319 -8.078 0
-33.628 17.369 -3.128 0
-28.678 22.319 -3.128 0
-28.678 17.369 1.822 0
-33.628 22.319 1.822 0
-33.628 17.369 6.771 0
-28.678 22.319 6.771 1
-28.678 17.369 11.721 1
-33.628 22.319 11.721 1
-33.628 17.369 16.671 1
-28.678 22.319 16.671 1
-28.678 17.369 21.621 1
-33.628 22.319 21.621 1
-33.628 17.369 26.570 1
-28.678 22.319 26.570 1
-28.678 17.369 31.520 1
-33.628 22.319 31.520 1
-33.628 17.369 36.470 0
-28.678 22.319 36.470 1
-28.678 17.369 41.420 0
-33.628 22.319 41.420 0
-33.628 17.369 46.369 0
-28.678 22.319 46.369 0
-28.678 17.369 51.319 0
-33.628 22.319 51.319 0
-28.678 27.269 -47.676 0
-33.628 32.219 -47.676 0
-33.628 27.269 -42.726 0
-28.678 32.219 -42.726 0
-28.678 27.269 -37.776 0
-33.628 32.219 -37.776 0
-33.628 27.269 -32.827 0
-28.678 32.219 -32.827 0
-28.678 27.269 -27.877 0
-33.628 32.219 -27.877 0
-33.628 27.269 -22.927 0
-28.678 32.219 -22.927 0
-28.678 27.269 -17.977 0
-33.628 32.219 -17.977 0
-33.628 27.269 -13.028 0
-28.678 32.219 -13.028 0
-28.678 27.269 -8.078 0
-33.628 32.219 -8.078 0
-33.628 27.269 -3.128 0
-28.678 32.219 -3.128 0
-28.678 27.269 1.822 1
-33.628 32.219 1.822 1
-33.628 27.269 6.771 1
-28.678 32.219 6.771 1
-28.678 27.269 11.721 1
-33.628 32.219 11.721 1
-33.628 27.269 16.671 1
-28.678 32.219 16.671 1
-28.678 27.269 21.621 1
-33.628 32.219 21.621 1
-33.628 27.269 26.570 1
-28.678 32.219 26.570 1
-28.678 27.269 31.520 1
-33.628 32.219 31.520 1
-33.628 27.269 36.470 1
-28.678 32.219 36.470 1
-28.678 27.269 41.420 1
-33.628 32.219 41.420 1
-33.628 27.269 46.369 0
-28.678 32.219 46.369 0
-28.678 27.269 51.319 0
-28.678 37.168 -47.676 0
-33.628 37.168 -42.726 0
-28.678 42.118 -42.726 0
-28.678 37.168 -37.776 0
-33.628 42.118 -37.776 0
-33.628 37.168 -32.827 0
-28.678 42.118 -32.827 0
-28.678 37.168 -27.877 0
-33.628 42.118 -27.877 0
-33.628 37.168 -22.927 0
-28.678 42.118 -22.927 0
-28.678 37.168 -17.977 0
-33.628 42.118 -17.977 0
-33.628 37.168 -13.028 0
-28.678 42.118 -13.028 0
-28.678 37.168 -8.078 0
-33.628 42.118 -8.078 0
-33.628 37.168 -3.128 0
-28.678 42.118 -3.128 0
-28.678 37.168 1.822 1
-33.628 42.118 1.822 1
-33.628 37.168 6.771 1
-28.678 42.118 6.771 1
-28.678 37.168 11.721 1
-33.628 42.118 11.721 1
-33.628 37.168 16.671 1
-28.678 42.118 16.671 1
-28.678 37.168 21.621 1
-33.628 42.118 21.621 1
-33.628 37.168 26.570 1
-28.678 42.118 26.570 1
-28.678 37.168 31.520 1
-33.628 42.118 31.520 1
-33.628 37.168 36.470 1
-28.678 42.118 36.470 1
-28.678 37.168 41.420 1
-33.628 42.118 41.420 1
-33.628 37.168 46.369 0
-28.678 42.118 46.369 0
-33.628 47.068 -42.726 0
-28.678 47.068 -37.776 0
-33.628 52.018 -37.776 0
-33.628 47.068 -32.827 0
-28.678 52.018 -32.827 0
-28.678 47.068 -27.877 0
-33.628 52.018 -27.877 0
-33.628 47.068 -22.927 0
-28.678 52.018 -22.927 0
-28.678 47.068 -17.977 0
-33.628 52.018 -17.977 0
-33.628 47.068 -13.028 0
-28.678 52.018 -13.028 0
-28.678 47.068 -8.078 0
-33.628 52.018 -8.078 0
-33.628 47.068 -3.128 0
-28.678 52.018 -3.128 0
-28.678 47.068 1.822 1
-33.628 52.018 1.822 0
-33.628 47.068 6.771 1
-28.678 52.018 6.771 1
-28.678 47.068 11.721 1
-33.628 52.018 11.721 1
-33.628 47.068 16.671 1
-28.678 52.018 16.671 1
-28.678 47.068 21.621 1
-33.628 52.018 21.621 1
-33.628 47.068 26.570 1
-28.678 52.018 26.570 1
-28.678 47.068 31.520 1
-33.628 52.018 31.520 1
-33.628 47.068 36.470 1
-28.678 52.018 36.470 1
-28.678 47.068 41.420 1
-28.678 56.967 -37.776 0
-33.628 56.967 -32.827 0
-28.678 61.917 -32.827 0
-28.678 56.967 -27.877 0
-33.628 61.917 -27.877 0
-33.628 56.967 -22.927 0
-28.678 61.917 -22.927 0
-28.678 56.967 -17.977 0
-33.628 61.917 -17.977 0
-33.628 56.967 -13.028 0
-28.678 61.917 -13.028 0
-28.678 56.967 -8.078 0
-33.628 61.917 -8.078 0
-33.628 56.967 -3.128 0
-28.678 61.917 -3.128 0
-28.678 56.967 1.822 0
-33.628 61.917 1.822 0
-33.628 56.967 6.771 0
-28.678 61.917 6.771 0
-28.678 56.967 11.721 1
-33.628 61.917 11.721 0
-33.628 56.967 16.671 1
-28.678 61.917 16.671 1
-28.678 56.967 21.621 1
-33.628 61.917 21.621 0
-33.628 56.967 26.570 1
-28.678 61.917 26.570 1
-28.678 56.967 31.520 1
-33.628 61.917 31.520 0
-33.628 56.967 36.470 0
-28.678 66.867 -27.877 0
-33.628 66.867 -22.927 0
-28.678 71.817 -22.927 0
-28.678 66.867 -17.977 0
-33.628 71.817 -17.977 0
-33.628 66.867 -13.028 0
-28.678 71.817 -13.028 0
-28.678 66.867 -8.078 0
-33.628 71.817 -8.078 0
-33.628 66.867 -3.128 0
-28.678 71.817 -3.128 0
-28.678 66.867 1.822 0
-33.628 71.817 1.822 0
-33.628 66.867 6.771 0
-28.678 71.817 6.771 0
-28.678 66.867 11.721 0
-33.628 71.817 11.721 0
-33.628 66.867 16.671 0
-28.678 71.817 16.671 0
-28.678 66.867 21.621 0
-33.628 71.817 21.621 0
-33.628 66.867 26.570 0
-28.678 66.867 31.520 0
-28.678 76.766 -17.977 0
-33.628 76.766 -13.028 0
-28.678 76.766 -8.078 0
-33.628 76.766 -3.128 0
-28.678 81.716 -3.128 0
-28.678 76.766 1.822 0
-33.628 76.766 6.771 0
-28.678 76.766 11.721 0
-18.779 -76.676 -22.927 0
-23.729 -76.676 -17.977 0
-18.779 -76.676 -13.028 0
-18.779 -81.626 -8.078 0
-23.729 -76.676 -8.078 0
-23.729 -81.626 -3.128 0
-18.779 -76.676 -3.128 0
-18.779 -81.626 1.822 0
-23.729 -76.676 1.822 0
-23.729 -81.626 6.771 0
-18.779 -76.676 6.771 0
-18.779 -81.626 11.721 0
-23.729 -76.676 11.721 0
-18.779 -76.676 16.671 0
-23.729 -76.676 21.621 0
-18.779 -66.776 -32.827 0
-18.779 -71.726 -27.877 0
-23.729 -66.776 -27.877 0
-23.729 -71.726 -22.927 0
-18.779 -66.776 -22.927 0
-18.779 -71.726 -17.977 0
-23.729 -66.776 -17.977 0
-23.729 -71.726 -13.028 0
-18.779 -66.776 -13.028 0
-18.779 -71.726 -8.078 0
-23.729 -66.776 -8.078 0
-23.729 -71.726 -3.128 0
-18.779 -66.776 -3.128 0
-18.779 -71.726 1.822 0
-23.729 -66.776 1.822 0
-23.729 -71.726 6.771 0
-18.779 -66.776 6.771 0
-18.779 -71.726 11.721 0
-23.729 -66.776 11.721 0
-23.729 -71.726 16.671 0
-18.779 -66.776 16.671 0
-18.779 -71.726 21.621 0
-23.729 -66.776 21.621 0
-23.729 -71.726 26.570 0
-18.779 -66.776 26.570 0
-23.729 -66.776 31.520 0
-18.779 -61.827 -37.776 0
-23.729 -56.877 -37.776 0
-23.729 -61.827 -32.827 0
-18.779 -56.877 -32.827 0
-18.779 -61.827 -27.877 0
-23.729 -56.877 -27.877 0
-23.729 -61.827 -22.927 0
-18.779 -56.877 -22.927 0
-18.779 -61.827 -17.977 0
-23.729 -56.877 -17.977 0
-23.729 -61.827 -13.028 0
-18.779 -56.877 -13.028 1
-18.779 -61.827 -8.078 0
-23.729 -56.877 -8.078 0
-23.729 -61.827 -3.128 0
-18.779 -56.877 -3.128 1
-18.779 -61.827 1.822 0
-23.729 -56.877 1.822 0
-23.729 -61.827 6.771 0
-18.779 -56.877 6.771 0
-18.779 -61.827 11.721 0
-23.729 -56.877 11.721 0
-23.729 -61.827 16.671 0
-18.779 -56.877 16.671 0
-18.779 -61.827 21.621 0
-23.729 -56.877 21.621 0
-23.729 -61.827 26.570 0
-18.779 -56.877 26.570 0
-18.779 -61.827 31.520 0
-23.729 -56.877 31.520 0
-23.729 -61.827 36.470 0
-18.779 -56.877 36.470 0
-23.729 -51.927 -42.726 0
-18.779 -46.977 -42.726 0
-18.779 -51.927 -37.776 0
-23.729 -46.977 -37.776 0
-23.729 -51.927 -32.827 0
-18.779 -46.977 -32.827 0
-18.779 -51.927 -27.877 0
-23.729 -46.977 -27.877 0
-23.729 -51.927 -22.927 0
-18.779 -46.977 -22.927 1
-18.779 -51.927 -17.977 1
-23.729 -46.977 -17.977 0
-23.729 -51.927 -13.028 0
-18.779 -46.977 -13.028 1
-18.779 -51.927 -8.078 1
-23.729 -46.977 -8.078 0
-23.729 -51.927 -3.128 0
-18.779 -46.977 -3.128 1
-18.779 -51.927 1.822 1
-23.729 -46.977 1.822 0
-23.729 -51.927 6.771 0
-18.779 -46.977 6.771 1
-18.779 -51.927 11.721 0
-23.729 -46.977 11.721 0
-23.729 -51.927 16.671 0
-18.779 -46.977 16.671 0
-18.779 -51.927 21.621 0
-23.729 -46.977 21.621 0
-23.729 -51.927 26.570 0
-18.779 -46.977 26.570 0
-18.779 -51.927 31.520 0
-23.729 -46.977 31.520 0
-23.729 -51.927 36.470 0
-18.779 -46.977 36.470 0
-18.779 -51.927 41.420 0
-23.729 -46.977 41.420 0
-18.779 -46.977 46.369 0
-18.779 -42.028 -47.676 0
-23.729 -37.078 -47.676 0
-23.729 -42.028 -42.726 0
-18.779 -37.078 -42.726 0
-18.779 -42.028 -37.776 0
-23.729 -37.078 -37.776 0
-23.729 -42.028 -32.827 0
-18.779 -37.078 -32.827 0
-18.779 -42.028 -27.877 0
-23.729 -37.078 -27.877 0
-23.729 -42.028 -22.927 0
-18.779 -37.078 -22.927 1
-18.779 -42.028 -17.977 1
-23.729 -37.078 -17.977 0
-23.729 -42.028 -13.028 0
-18.779 -37.078 -13.028 1
-18.779 -42.028 -8.078 1
-23.729 -37.078 -8.078 0
-23.729 -42.028 -3.128 0
-18.779 -37.078 -3.128 1
-18.779 -42.028 1.822 1
-23.729 -37.078 1.822 0
-23.729 -42.028 6.771 0
-18.779 -37.078 6.771 1
-18.779 -42.028 11.721 0
-23.729 -37.078 11.721 0
-23.729 -42.028 16.671 0
-18.779 -37.078 16.671 0
-18.779 -42.028 21.621 0
-23.729 -37.078 21.621 0
-23.729 -42.028 26.570 0
-18.779 -37.078 26.570 0
-18.779 -42.028 31.520 0
-23.729 -37.078 31.520 0
-23.729 -42.028 36.470 0
-18.779 -37.078 36.470 0
-18.779 -42.028 41.420 0
-23.729 -37.078 41.420 0
-23.729 -42.028 46.369 0
-18.779 -37.078 46.369 0
-18.779 -27.178 -52.626 0
-18.779 -32.128 -47.676 0
-23.729 -27.178 -47.676 0
-23.729 -32.128 -42.726 0
-18.779 -27.178 -42.726 0
-18.779 -32.128 -37.776 0
-23.729 -27.178 -37.776 0
-23.729 -32.128 -32.827 0
-18.779 -27.178 -32.827 0
-18.779 -32.128 -27.877 0
-23.729 -27.178 -27.877 0
-23.729 -32.128 -22.927 0
-18.779 -27.178 -22.927 0
-18.779 -32.128 -17.977 1
-23.729 -27.178 -17.977 0
-23.729 -32.128 -13.028 0
-18.779 -27.178 -13.028 1
-18.779 -32.128 -8.078 1
-23.729 -27.178 -8.078 1
-23.729 -32.128 -3.128 0
-18.779 -27.178 -3.128 1
-18.779 -32.128 1.822 1
-23.729 -27.178 1.822 0
-23.729 -32.128 6.771 0
-18.779 -27.178 6.771 0
-18.779 -32.128 11.721 0
-23.729 -27.178 11.721 0
-23.729 -32.128 16.671 0
-18.779 -27.178 16.671 0
-18.779 -32.128 21.621 0
-23.729 -27.178 21.621 0
-23.729 -32.128 26.570 0
-18.779 -27.178 26.570 0
-18.779 -32.128 31.520 0
-23.729 -27.178 31.520 0
-23.729 -32.128 36.470 0
-18.779 -27.178 36.470 0
-18.779 -32.128 41.420 0
-23.729 -27.178 41.420 0
-23.729 -32.128 46.369 0
-18.779 -27.178 46.369 0
-18.779 -32.128 51.319 0
-23.729 -27.178 51.319 0
-23.729 -22.229 -52.626 0
-18.779 -17.279 -52.626 0
-18.779 -22.229 -47.676 0
-23.729 -17.279 -47.676 0
-23.729 -22.229 -42.726 0
-18.779 -17.279 -42.726 0
-18.779 -22.229 -37.776 0
-23.729 -17.279 -37.776 0
-23.729 -22.229 -32.827 0
-18.779 -17.279 -32.827 0
-18.779 -22.229 -27.877 0
-23.729 -17.279 -27.877 0
-23.729 -22.229 -22.927 0
-18.779 -17.279 -22.927 0
-18.779 -22.229 -17.977 0
-23.729 -17.279 -17.977 0
-23.729 -22.229 -13.028 0
-18.779 -17.279 -13.028 0
-18.779 -22.229 -8.078 0
-23.729 -17.279 -8.078 0
-23.729 -22.229 -3.128 1
-18.779 -17.279 -3.128 0
-18.779 -22.229 1.822 0
-23.729 -17.279 1.822 0
-23.729 -22.229 6.771 0
-18.779 -17.279 6.771 0
-18.779 -22.229 11.721 0
-23.729 -17.279 11.721 0
-23.729 -22.229 16.671 0
-18.779 -17.279 16.671 0
-18.779 -22.229 21.621 0
-23.729 -17.279 21.621 0
-23.729 -22.229 26.570 0
-18.779 -17.279 26.570 0
-18.779 -22.229 31.520 0
-23.729 -17.279 31.520 0
-23.729 -22.229 36.470 0
-18.779 -17.279 36.470 0
-18.779 -22.229 41.420 0
-23.729 -17.279 41.420 0
-23.729 -22.229 46.369 0
-18.779 -17.279 46.369 0
-18.779 -22.229 51.319 0
-23.729 -17.279 51.319 0
-23.729 -12.329 -52.626 0
-18.779 -7.379 -52.626 0
-18.779 -12.329 -47.676 0
-23.729 -7.379 -47.676 0
-23.729 -12.329 -42.726 0
-18.779 -7.379 -42.726 0
-18.779 -12.329 -37.776 0
-23.729 -7.379 -37.776 0
-23.729 -12.329 -32.827 0
-18.779 -7.379 -32.827 0
-18.779 -12.329 -27.877 0
-23.729 -7.379 -27.877 0
-23.729 -12.329 -22.927 0
-18.779 -7.379 -22.927 0
-18.779 -12.329 -17.977 0
-23.729 -7.379 -17.977 0
-23.729 -12.329 -13.028 0
-18.779 -7.379 -13.028 0
-18.779 -12.329 -8.078 0
-23.729 -7.379 -8.078 0
-23.729 -12.329 -3.128 0
-18.779 -7.379 -3.128 0
-18.779 -12.329 1.822 0
-23.729 -7.379 1.822 0
-23.729 -12.329 6.771 0
-18.779 -7.379 6.771 0
-18.779 -12.329 11.721 0
-23.729 -7.379 11.721 0
-23.729 -12.329 16.671 0
-18.779 -7.379 16.671 0
-18.779 -12.329 21.621 0
-23.729 -7.379 21.621 0
-23.729 -12.329 26.570 0
-18.779 -7.379 26.570 0
-18.779 -12.329 31.520 0
-23.729 -7.379 31.520 0
-23.729 -12.329 36.470 0
-18.779 -7.379 36.470 0
-18.779 -12.329 41.420 0
-23.729 -7.379 41.420 0
-23.729 -12.329 46.369 0
-18.779 -7.379 46.369 0
-18.779 -12.329 51.319 0
-23.729 -7.379 51.319 0
-23.729 -2.430 -52.626 0
-18.779 2.520 -52.626 0
-18.779 -2.430 -47.676 0
-23.729 2.520 -47.676 0
-23.729 -2.430 -42.726 0
-18.779 2.520 -42.726 0
-18.779 -2.430 -37.776 0
-23.729 2.520 -37.776 0
-23.729 -2.430 -32.827 0
-18.779 2.520 -32.827 0
-18.779 -2.430 -27.877 0
-23.729 2.520 -27.877 0
-23.729 -2.430 -22.927 0
-18.779 2.520 -22.927 0
-18.779 -2.430 -17.977 0
-23.729 2.520 -17.977 0
-23.729 -2.430 -13.028 0
-18.779 2.520 -13.028 0
-18.779 -2.430 -8.078 0
-23.729 2.520 -8.078 0
-23.729 -2.430 -3.128 0
-18.779 2.520 -3.128 0
-18.779 -2.430 1.822 0
-23.729 2.520 1.822 0
-23.729 -2.430 6.771 0
-18.779 2.520 6.771 0
-18.779 -2.430 11.721 0
-23.729 2.520 11.721 0
-23.729 -2.430 16.671 0
-18.779 2.520 16.671 0
-18.779 -2.430 21.621 0
-23.729 2.520 21.621 0
-23.729 -2.430 26.570 0
-18.779 2.520 26.570 0
-18.779 -2.430 31.520 0
-23.729 2.520 31.520 0
-23.729 -2.430 36.470 0
-18.779 2.520 36.470 0
-18.779 -2.430 41.420 0
-23.729 2.520 41.420 0
-23.729 -2.430 46.369 0
-18.779 2.520 46.369 0
-18.779 -2.430 51.319 0
-23.729 2.520 51.319 0
-18.779 2.520 56.269 0
-23.729 7.470 -52.626 0
-18.779 12.420 -52.626 0
-18.779 7.470 -47.676 0
-23.729 12.420 -47.676 0
-23.729 7.470 -42.726 0
-18.779 12.420 -42.726 0
-18.779 7.470 -37.776 0
-23.729 12.420 -37.776 0
-23.729 7.470 -32.827 0
-18.779 12.420 -32.827 0
-18.779 7.470 -27.877 0
-23.729 12.420 -27.877 0
-23.729 7.470 -22.927 0
-18.779 12.420 -22.927 0
-18.779 7.470 -17.977 0
-23.729 12.420 -17.977 0
-23.729 7.470 -13.028 0
-18.779 12.420 -13.028 0
-18.779 7.470 -8.078 0
-23.729 12.420 -8.078 0
-23.729 7.470 -3.128 0
-18.779 12.420 -3.128 0
-18.779 7.470 1.822 0
-23.729 12.420 1.822 0
-23.729 7.470 6.771 0
-18.779 12.420 6.771 0
-18.779 7.470 11.721 0
-23.729 12.420 11.721 0
-23.729 7.470 16.671 0
-18.779 12.420 16.671 0
-18.779 7.470 21.621 0
-23.729 12.420 21.621 0
-23.729 7.470 26.570 0
-18.779 12.420 26.570 0
-18.779 7.470 31.520 0
-23.729 12.420 31.520 0
-23.729 7.470 36.470 0
-18.779 12.420 36.470 0
-18.779 7.470 41.420 0
-23.729 12.420 41.420 0
-23.729 7.470 46.369 0
-18.779 12.420 46.369 0
-18.779 7.470 51.319 0
-23.729 12.420 51.319 0
-23.729 17.369 -52.626 0
-18.779 22.319 -52.626 0
-18.779 17.369 -47.676 0
-23.729 22.319 -47.676 0
-23.729 17.369 -42.726 0
-18.779 22.319 -42.726 0
-18.779 17.369 -37.776 0
-23.729 22.319 -37.776 0
-23.729 17.369 -32.827 0
-18.779 22.319 -32.827 0
-18.779 17.369 -27.877 0
-23.729 22.319 -27.877 0
-23.729 17.369 -22.927 0
-18.779 22.319 -22.927 0
-18.779 17.369 -17.977 0
-23.729 22.319 -17.977 0
-23.729 17.369 -13.028 0
-18.779 22.319 -13.028 0
-18.779 17.369 -8.078 0
-23.729 22.319 -8.078 0
-23.729 17.369 -3.128 0
-18.779 22.319 -3.128 0
-18.779 17.369 1.822 0
-23.729 22.319 1.822 0
-23.729 17.369 6.771 0
-18.779 22.319 6.771 1
-18.779 17.369 11.721 0
-23.729 22.319 11.721 1
-23.729 17.369 16.671 1
-18.779 22.319 16.671 1
-18.779 17.369 21.621 1
-23.729 22.319 21.621 1
-23.729 17.369 26.570 1
-18.779 22.319 26.570 1
-18.779 17.369 31.520 0
-23.729 22.319 31.520 1
-23.729 17.369 36.470 0
-18.779 22.319 36.470 1
-18.779 17.369 41.420 0
-23.729 22.319 41.420 0
-23.729 17.369 46.369 0
-18.779 22.319 46.369 0
-18.779 17.369 51.319 0
-23.729 22.319 51.319 0
-23.729 27.269 -52.626 0
-18.779 27.269 -47.676 0
-23.729 32.219 -47.676 0
-23.729 27.269 -42.726 0
-18.779 32.219 -42.726 0
-18.779 27.269 -37.776 0
-23.729 32.219 -37.776 0
-23.729 27.269 -32.827 0
-18.779 32.219 -32.827 0
-18.779 27.269 -27.877 0
-23.729 32.219 -27.877 0
-23.729 27.269 -22.927 0
-18.779 32.219 -22.927 0
-18.779 27.269 -17.977 0
-23.729 32.219 -17.977 0
-23.729 27.269 -13.028 0
-18.779 32.219 -13.028 0
-18.779 27.269 -8.078 0
-23.729 32.219 -8.078 0
-23.729 27.269 -3.128 0
-18.779 32.219 -3.128 0
-18.779 27.269 1.822 0
-23.729 32.219 1.822 1
-23.729 27.269 6.771 1
-18.779 32.219 6.771 1
-18.779 27.269 11.721 1
-23.729 32.219 11.721 1
-23.729 27.269 16.671 1
-18.779 32.219 16.671 1
-18.779 27.269 21.621 1
-23.729 32.219 21.621 1
-23.729 27.269 26.570 1
-18.779 32.219 26.570 1
-18.779 27.269 31.520 1
-23.729 32.219 31.520 1
-23.729 27.269 36.470 1
-18.779 32.219 36.470 1
-18.779 27.269 41.420 0
-23.729 32.219 41.420 1
-23.729 27.269 46.369 0
-18.779 32.219 46.369 0
-18.779 27.269 51.319 0
-23.729 32.219 51.319 0
-18.779 37.168 -47.676 0
-23.729 42.118 -47.676 0
-23.729 37.168 -42.726 0
-18.779 42.118 -42.726 0
-18.779 37.168 -37.776 0
-23.729 42.118 -37.776 0
-23.729 37.168 -32.827 0
-18.779 42.118 -32.827 0
-18.779 37.168 -27.877 0
-23.729 42.118 -27.877 0
-23.729 37.168 -22.927 0
-18.779 42.118 -22.927 0
-18.779 37.168 -17.977 0
-23.729 42.118 -17.977 0
-23.729 37.168 -13.028 0
-18.779 42.118 -13.028 0
-18.779 37.168 -8.078 0
-23.729 42.118 -8.078 0
-23.729 37.168 -3.128 0
-18.779 42.118 -3.128 0
-18.779 37.168 1.822 1
-23.729 42.118 1.822 1
-23.729 37.168 6.771 1
-18.779 42.118 6.771 1
-18.779 37.168 11.721 1
-23.729 42.118 11.721 1
-23.729 37.168 16.671 1
-18.779 42.118 16.671 1
-18.779 37.168 21.621 1
-23.729 42.118 21.621 1
-23.729 37.168 26.570 1
-18.779 42.118 26.570 1
-18.779 37.168 31.520 1
-23.729 42.118 31.520 1
-23.729 37.168 36.470 1
-18.779 42.118 36.470 1
-18.779 37.168 41.420 1
-23.729 42.118 41.420 1
-23.729 37.168 46.369 0
-18.779 42.118 46.369 0
-23.729 47.068 -42.726 0
-18.779 52.018 -42.726 0
-18.779 47.068 -37.776 0
-23.729 52.018 -37.776 0
-23.729 47.068 -32.827 0
-18.779 52.018 -32.827 0
-18.779 47.068 -27.877 0
-23.729 52.018 -27.877 0
-23.729 47.068 -22.927 0
-18.779 52.018 -22.927 0
-18.779 47.068 -17.977 0
-23.729 52.018 -17.977 0
-23.729 47.068 -13.028 0
-18.779 52.018 -13.028 0
-18.779 47.068 -8.078 0
-23.729 52.018 -8.078 0
-23.729 47.068 -3.128 0
-18.779 52.018 -3.128 0
-18.779 47.068 1.822 1
-23.729 52.018 1.822 1
-23.729 47.068 6.771 1
-18.779 52.018 6.771 1
-18.779 47.068 11.721 1
-23.729 52.018 11.721 1
-23.729 47.068 16.671 1
-18.779 52.018 16.671 1
-18.779 47.068 21.621 1
-23.729 52.018 21.621 1
-23.729 47.068 26.570 1
-18.779 52.018 26.570 1
-18.779 47.068 31.520 1
-23.729 52.018 31.520 1
-23.729 47.068 36.470 1
-18.779 52.018 36.470 1
-18.779 47.068 41.420 1
-23.729 52.018 41.420 0
-18.779 56.967 -37.776 0
-23.729 56.967 -32.827 0
-18.779 61.917 -32.827 0
-18.779 56.967 -27.877 0
-23.729 61.917 -27.877 0
-23.729 56.967 -22.927 0
-18.779 61.917 -22.927 0
-18.779 56.967 -17.977 0
-23.729 61.917 -17.977 0
-23.729 56.967 -13.028 0
-18.779 61.917 -13.028 0
-18.779 56.967 -8.078 0
-23.729 61.917 -8.078 0
-23.729 56.967 -3.128 0
-18.779 61.917 -3.128 0
-18.779 56.967 1.822 0
-23.729 61.917 1.822 0
-23.729 56.967 6.771 1
-18.779 61.917 6.771 0
-18.779 56.967 11.721 1
-23.729 61.917 11.721 0
-23.729 56.967 16.671 1
-18.779 61.917 16.671 0
-18.779 56.967 21.621 1
-23.729 61.917 21.621 1
-23.729 56.967 26.570 1
-18.779 61.917 26.570 0
-18.779 56.967 31.520 1
-23.729 61.917 31.520 0
-23.729 56.967 36.470 1
-18.779 61.917 36.470 0
-18.779 56.967 41.420 0
-23.729 66.867 -32.827 0
-18.779 66.867 -27.877 0
-23.729 71.817 -27.877 0
-23.729 66.867 -22.927 0
-18.779 71.817 -22.927 0
-18.779 66.867 -17.977 0
-23.729 71.817 -17.977 0
-23.729 66.867 -13.028 0
-18.779 71.817 -13.028 0
-18.779 66.867 -8.078 0
-23.729 71.817 -8.078 0
-23.729 66.867 -3.128 0
-18.779 71.817 -3.128 0
-18.779 66.867 1.822 0
-23.729 71.817 1.822 0
-23.729 66.867 6.771 0
-18.779 71.817 6.771 0
-18.779 66.867 11.721 0
-23.729 71.817 11.721 0
-23.729 66.867 16.671 0
-18.779 71.817 16.671 0
-18.779 66.867 21.621 0
-23.729 71.817 21.621 0
-23.729 66.867 26.570 0
-18.779 71.817 26.570 0
-18.779 66.867 31.520 0
-18.779 76.766 -17.977 0
-23.729 76.766 -13.028 0
-18.779 81.716 -13.028 0
-18.779 76.766 -8.078 0
-23.729 81.716 -8.078 0
-23.729 76.766 -3.128 0
-18.779 81.716 -3.128 0
-18.779 76.766 1.822 0
-23.729 81.716 1.822 0
-23.729 76.766 6.771 0
-18.779 81.716 6.771 0
-18.779 76.766 11.721 0
-23.729 76.766 16.671 0
-18.779 76.766 21.621 0
-8.879 -76.676 -22.927 0
-8.879 -81.626 -17.977 0
-13.829 -76.676 -17.977 0
-13.829 -81.626 -13.028 0
-8.879 -76.676 -13.028 0
-8.879 -81.626 -8.078 0
-13.829 -76.676 -8.078 0
-13.829 -81.626 -3.128 0
-8.879 -76.676 -3.128 0
-8.879 -81.626 1.822 0
-13.829 -76.676 1.822 0
-13.829 -81.626 6.771 0
-8.879 -76.676 6.771 0
-8.879 -81.626 11.721 0
-13.829 -76.676 11.721 0
-13.829 -81.626 16.671 0
-8.879 -76.676 16.671 0
-13.829 -76.676 21.621 0
-8.879 -66.776 -32.827 0
-8.879 -71.726 -27.877 0
-13.829 -66.776 -27.877 0
-13.829 -71.726 -22.927 0
-8.879 -66.776 -22.927 1
-8.879 -71.726 -17.977 0
-13.829 -66.776 -17.977 0
-13.829 -71.726 -13.028 0
-8.879 -66.776 -13.028 1
-8.879 -71.726 -8.078 0
-13.829 -66.776 -8.078 1
-13.829 -71.726 -3.128 0
-8.879 -66.776 -3.128 1
-8.879 -71.726 1.822 0
-13.829 -66.776 1.822 0
-13.829 -71.726 6.771 0
-8.879 -66.776 6.771 1
-8.879 -71.726 11.721 0
-13.829 -66.776 11.721 0
-13.829 -71.726 16.671 0
-8.879 -66.776 16.671 0
-8.879 -71.726 21.621 0
-13.829 -66.776 21.621 0
-13.829 -71.726 26.570 0
-8.879 -66.776 26.570 0
-8.879 -71.726 31.520 0
-13.829 -66.776 31.520 0
-8.879 -66.776 36.470 0
-8.879 -56.877 -42.726 0
-8.879 -61.827 -37.776 0
-13.829 -56.877 -37.776 0
-13.829 -61.827 -32.827 0
-8.879 -56.877 -32.827 1
-8.879 -61.827 -27.877 1
-13.829 -56.877 -27.877 0
-13.829 -61.827 -22.927 0
-8.879 -56.877 -22.927 1
-8.879 -61.827 -17.977 1
-13.829 -56.877 -17.977 1
-13.829 -61.827 -13.028 1
-8.879 -56.877 -13.028 1
-8.879 -61.827 -8.078 1
-13.829 -56.877 -8.078 1
-13.829 -61.827 -3.128 1
-8.879 -56.877 -3.128 1
-8.879 -61.827 1.822 1
-13.829 -56.877 1.822 1
-13.829 -61.827 6.771 1
-8.879 -56.877 6.771 1
-8.879 -61.827 11.721 1
-13.829 -56.877 11.721 1
-13.829 -61.827 16.671 0
-8.879 -56.877 16.671 1
-8.879 -61.827 21.621 0
-13.829 -56.877 21.621 0
-13.829 -61.827 26.570 0
-8.879 -56.877 26.570 0
-8.879 -61.827 31.520 0
-13.829 -56.877 31.520 0
-13.829 -61.827 36.470 0
-8.879 -56.877 36.470 0
-13.829 -56.877 41.420 0
-13.829 -46.977 -47.676 0
-13.829 -51.927 -42.726 0
-8.879 -46.977 -42.726 0
-8.879 -51.927 -37.776 0
-13.829 -46.977 -37.776 0
-13.829 -51.927 -32.827 0
-8.879 -46.977 -32.827 1
-8.879 -51.927 -27.877 1
-13.829 -46.977 -27.877 1
-13.829 -51.927 -22.927 1
-8.879 -46.977 -22.927 1
-8.879 -51.927 -17.977 1
-13.829 -46.977 -17.977 1
-13.829 -51.927 -13.028 1
-8.879 -46.977 -13.028 1
-8.879 -51.927 -8.078 1
-13.829 -46.977 -8.078 1
-13.829 -51.927 -3.128 1
-8.879 -46.977 -3.128 1
-8.879 -51.927 1.822 1
-13.829 -46.977 1.822 1
-13.829 -51.927 6.771 1
-8.879 -46.977 6.771 1
-8.879 -51.927 11.721 1
-13.829 -46.977 11.721 1
-13.829 -51.927 16.671 0
-8.879 -46.977 16.671 1
-8.879 -51.927 21.621 0
-13.829 -46.977 21.621 0
-13.829 -51.927 26.570 0
-8.879 -46.977 26.570 0
-8.879 -51.927 31.520 0
-13.829 -46.977 31.520 0
-13.829 -51.927 36.470 0
-8.879 -46.977 36.470 0
-8.879 -51.927 41.420 0
-13.829 -46.977 41.420 0
-8.879 -46.977 46.369 0
-8.879 -42.028 -47.676 0
-13.829 -37.078 -47.676 0
-13.829 -42.028 -42.726 0
-8.879 -37.078 -42.726 0
-8.879 -42.028 -37.776 0
-13.829 -37.078 -37.776 0
-13.829 -42.028 -32.827 0
-8.879 -37.078 -32.827 1
-8.879 -42.028 -27.877 1
-13.829 -37.078 -27.877 1
-13.829 -42.028 -22.927 1
-8.879 -37.078 -22.927 1
-8.879 -42.028 -17.977 1
-13.829 -37.078 -17.977 1
-13.829 -42.028 -13.028 1
-8.879 -37.078 -13.028 1
-8.879 -42.028 -8.078 1
-13.829 -37.078 -8.078 1
-13.829 -42.028 -3.128 1
-8.879 -37.078 -3.128 1
-8.879 -42.028 1.822 1
-13.829 -37.078 1.822 1
-13.829 -42.028 6.771 1
-8.879 -37.078 6.771 1
-8.879 -42.028 11.721 1
-13.829 -37.078 11.721 1
-13.829 -42.028 16.671 1
-8.879 -37.078 16.671 1
-8.879 -42.028 21.621 1
-13.829 -37.078 21.621 0
-13.829 -42.028 26.570 0
-8.879 -37.078 26.570 0
-8.879 -42.028 31.520 0
-13.829 -37.078 31.520 0
-13.829 -42.028 36.470 0
-8.879 -37.078 36.470 0
-8.879 -42.028 41.420 0
-13.829 -37.078 41.420 0
-13.829 -42.028 46.369 0
-8.879 -37.078 46.369 0
-13.829 -37.078 51.319 0
-13.829 -32.128 -52.626 0
-8.879 -27.178 -52.626 0
-8.879 -32.128 -47.676 0
-13.829 -27.178 -47.676 0
-13.829 -32.128 -42.726 0
-8.879 -27.178 -42.726 0
-8.879 -32.128 -37.776 0
-13.829 -27.178 -37.776 0
-13.829 -32.128 -32.827 0
-8.879 -27.178 -32.827 1
-8.879 -32.128 -27.877 1
-13.829 -27.178 -27.877 1
-13.829 -32.128 -22.927 1
-8.879 -27.178 -22.927 1
-8.879 -32.128 -17.977 1
-13.829 -27.178 -17.977 1
-13.829 -32.128 -13.028 1
-8.879 -27.178 -13.028 1
-8.879 -32.128 -8.078 1
-13.829 -27.178 -8.078 1
-13.829 -32.128 -3.128 1
-8.879 -27.178 -3.128 1
-8.879 -32.128 1.822 1
-13.829 -27.178 1.822 1
-13.829 -32.128 6.771 1
-8.879 -27.178 6.771 1
-8.879 -32.128 11.721 1
-13.829 -27.178 11.721 1
-13.829 -32.128 16.671 0
-8.879 -27.178 16.671 1
-8.879 -32.128 21.621 0
-13.829 -27.178 21.621 0
-13.829 -32.128 26.570 0
-8.879 -27.178 26.570 0
-8.879 -32.128 31.520 0
-13.829 -27.178 31.520 0
-13.829 -32.128 36.470 0
-8.879 -27.178 36.470 0
-8.879 -32.128 41.420 0
-13.829 -27.178 41.420 0
-13.829 -32.128 46.369 0
-8.879 -27.178 46.369 0
-8.879 -32.128 51.319 0
-13.829 -27.178 51.319 0
-13.829 -22.229 -52.626 0
-8.879 -17.279 -52.626 0
-8.879 -22.229 -47.676 0
-13.829 -17.279 -47.676 0
-13.829 -22.229 -42.726 0
-8.879 -17.279 -42.726 0
-8.879 -22.229 -37.776 0
-13.829 -17.279 -37.776 0
-13.829 -22.229 -32.827 0
-8.879 -17.279 -32.827 0
-8.879 -22.229 -27.877 1
-13.829 -17.279 -27.877 0
-13.829 -22.229 -22.927 1
-8.879 -17.279 -22.927 1
-8.879 -22.229 -17.977 1
-13.829 -17.279 -17.977 0
-13.829 -22.229 -13.028 1
-8.879 -17.279 -13.028 1
-8.879 -22.229 -8.078 1
-13.829 -17.279 -8.078 1
-13.829 -22.229 -3.128 1
-8.879 -17.279 -3.128 1
-8.879 -22.229 1.822 1
-13.829 -17.279 1.822 0
-13.829 -22.229 6.771 1
-8.879 -17.279 6.771 1
-8.879 -22.229 11.721 1
-13.829 -17.279 11.721 0
-13.829 -22.229 16.671 0
-8.879 -17.279 16.671 0
-8.879 -22.229 21.621 0
-13.829 -17.279 21.621 0
-13.829 -22.229 26.570 0
-8.879 -17.279 26.570 0
-8.879 -22.229 31.520 0
-13.829 -17.279 31.520 0
-13.829 -22.229 36.470 0
-8.879 -17.279 36.470 0
-8.879 -22.229 41.420 0
-13.829 -17.279 41.420 0
-13.829 -22.229 46.369 0
-8.879 -17.279 46.369 0
-8.879 -22.229 51.319 0
-13.829 -17.279 51.319 0
-8.879 -17.279 56.269 0
-13.829 -12.329 -52.626 0
-8.879 -7.379 -52.626 0
-8.879 -12.329 -47.676 0
-13.829 -7.379 -47.676 0
-13.829 -12.329 -42.726 0
-8.879 -7.379 -42.726 0
-8.879 -12.329 -37.776 0
-13.829 -7.379 -37.776 0
-13.829 -12.329 -32.827 0
-8.879 -7.379 -32.827 0
-8.879 -12.329 -27.877 0
-13.829 -7.379 -27.877 0
-13.829 -12.329 -22.927 0
-8.879 -7.379 -22.927 0
-8.879 -12.329 -17.977 0
-13.829 -7.379 -17.977 0
-13.829 -12.329 -13.028 0
-8.879 -7.379 -13.028 0
-8.879 -12.329 -8.078 1
-13.829 -7.379 -8.078 0
-13.829 -12.329 -3.128 0
-8.879 -7.379 -3.128 0
-8.879 -12.329 1.822 0
-13.829 -7.379 1.822 0
-13.829 -12.329 6.771 0
-8.879 -7.379 6.771 0
-8.879 -12.329 11.721 0
-13.829 -7.379 11.721 0
-13.829 -12.329 16.671 0
-8.879 -7.379 16.671 0
-8.879 -12.329 21.621 0
-13.829 -7.379 21.621 0
-13.829 -12.329 26.570 0
-8.879 -7.379 26.570 0
-8.879 -12.329 31.520 0
-13.829 -7.379 31.520 0
-13.829 -12.329 36.470 0
-8.879 -7.379 36.470 0
-8.879 -12.329 41.420 0
-13.829 -7.379 41.420 0
-13.829 -12.329 46.369 0
-8.879 -7.379 46.369 0
-8.879 -12.329 51.319 0
-13.829 -7.379 51.319 0
-13.829 -12.329 56.269 0
-8.879 -7.379 56.269 0
-13.829 -2.430 -52.626 0
-8.879 2.520 -52.626 0
-8.879 -2.430 -47.676 0
-13.829 2.520 -47.676 0
-13.829 -2.430 -42.726 0
-8.879 2.520 -42.726 0
-8.879 -2.430 -37.776 0
-13.829 2.520 -37.776 0
-13.829 -2.430 -32.827 0
-8.879 2.520 -32.827 0
-8.879 -2.430 -27.877 0
-13.829 2.520 -27.877 0
-13.829 -2.430 -22.927 0
-8.879 2.520 -22.927 0
-8.879 -2.430 -17.977 0
-13.829 2.520 -17.977 0
-13.829 -2.430 -13.028 0
-8.879 2.520 -13.028 0
-8.879 -2.430 -8.078 0
-13.829 2.520 -8.078 0
-13.829 -2.430 -3.128 0
-8.879 2.520 -3.128 0
-8.879 -2.430 1.822 0
-13.829 2.520 1.822 0
-13.829 -2.430 6.771 0
-8.879 2.520 6.771 0
-8.879 -2.430 11.721 0
-13.829 2.520 11.721 0
-13.829 -2.430 16.671 0
-8.879 2.520 16.671 0
-8.879 -2.430 21.621 0
-13.829 2.520 21.621 0
-13.829 -2.430 26.570 0
-8.879 2.520 26.570 0
-8.879 -2.430 31.520 0
-13.829 2.520 31.520 0
-13.829 -2.430 36.470 0
-8.879 2.520 36.470 0
-8.879 -2.430 41.420 0
-13.829 2.520 41.420 0
-13.829 -2.430 46.369 0
-8.879 2.520 46.369 0
-8.879 -2.430 51.319 0
-13.829 2.520 51.319 0
-13.829 -2.430 56.269 0
-8.879 2.520 56.269 0
-13.829 7.470 -52.626 0
-8.879 12.420 -52.626 0
-8.879 7.470 -47.676 0
-13.829 12.420 -47.676 0
-13.829 7.470 -42.726 0
-8.879 12.420 -42.726 0
-8.879 7.470 -37.776 0
-13.829 12.420 -37.776 0
-13.829 7.470 -32.827 0
-8.879 12.420 -32.827 0
-8.879 7.470 -27.877 0
-13.829 12.420 -27.877 0
-13.829 7.470 -22.927 0
-8.879 12.420 -22.927 0
-8.879 7.470 -17.977 0
-13.829 12.420 -17.977 0
-13.829 7.470 -13.028 0
-8.879 12.420 -13.028 0
-8.879 7.470 -8.078 0
-13.829 12.420 -8.078 0
-13.829 7.470 -3.128 0
-8.879 12.420 -3.128 0
-8.879 7.470 1.822 0
-13.829 12.420 1.822 0
-13.829 7.470 6.771 0
-8.879 12.420 6.771 0
-8.879 7.470 11.721 0
-13.829 12.420 11.721 0
-13.829 7.470 16.671 0
-8.879 12.420 16.671 0
-8.879 7.470 21.621 0
-13.829 12.420 21.621 0
-13.829 7.470 26.570 0
-8.879 12.420 26.570 0
-8.879 7.470 31.520 0
-13.829 12.420 31.520 0
-13.829 7.470 36.470 0
-8.879 12.420 36.470 0
-8.879 7.470 41.420 0
-13.829 12.420 41.420 0
-13.829 7.470 46.369 0
-8.879 12.420 46.369 0
-8.879 7.470 51.319 0
-13.829 12.420 51.319 0
-13.829 7.470 56.269 0
-8.879 12.420 56.269 0
-13.829 17.369 -52.626 0
-8.879 22.319 -52.626 0
-8.879 17.369 -47.676 0
-13.829 22.319 -47.676 0
-13.829 17.369 -42.726 0
-8.879 22.319 -42.726 0
-8.879 17.369 -37.776 0
-13.829 22.319 -37.776 0
-13.829 17.369 -32.827 0
-8.879 22.319 -32.827 0
-8.879 17.369 -27.877 0
-13.829 22.319 -27.877 0
-13.829 17.369 -22.927 0
-8.879 22.319 -22.927 0
-8.879 17.369 -17.977 0
-13.829 22.319 -17.977 0
-13.829 17.369 -13.028 0
-8.879 22.319 -13.028 0
-8.879 17.369 -8.078 0
-13.829 22.319 -8.078 0
-13.829 17.369 -3.128 0
-8.879 22.319 -3.128 0
-8.879 17.369 1.822 0
-13.829 22.319 1.822 0
-13.829 17.369 6.771 0
-8.879 22.319 6.771 0
-8.879 17.369 11.721 0
-13.829 22.319 11.721 1
-13.829 17.369 16.671 0
-8.879 22.319 16.671 0
-8.879 17.369 21.621 0
-13.829 22.319 21.621 1
-13.829 17.369 26.570 0
-8.879 22.319 26.570 0
-8.879 17.369 31.520 0
-13.829 22.319 31.520 1
-13.829 17.369 36.470 0
-8.879 22.319 36.470 0
-8.879 17.369 41.420 0
-13.829 22.319 41.420 0
-13.829 17.369 46.369 0
-8.879 22.319 46.369 0
-8.879 17.369 51.319 0
-13.829 22.319 51.319 0
-13.829 27.269 -52.626 0
-8.879 32.219 -52.626 0
-8.879 27.269 -47.676 0
-13.829 32.219 -47.676 0
-13.829 27.269 -42.726 0
-8.879 32.219 -42.726 0
-8.879 27.269 -37.776 0
-13.829 32.219 -37.776 0
-13.829 27.269 -32.827 0
-8.879 32.219 -32.827 0
-8.879 27.269 -27.877 0
-13.829 32.219 -27.877 0
-13.829 27.269 -22.927 0
-8.879 32.219 -22.927 0
-8.879 27.269 -17.977 0
-13.829 32.219 -17.977 0
-13.829 27.269 -13.028 0
-8.879 32.219 -13.028 0
-8.879 27.269 -8.078 0
-13.829 32.219 -8.078 0
-13.829 27.269 -3.128 0
-8.879 32.219 -3.128 0
-8.879 27.269 1.822 0
-13.829 32.219 1.822 0
-13.829 27.269 6.771 1
-8.879 32.219 6.771 1
-8.879 27.269 11.721 1
-13.829 32.219 11.721 1
-13.829 27.269 16.671 1
-8.879 32.219 16.671 1
-8.879 27.269 21.621 1
-13.829 32.219 21.621 1
-13.829 27.269 26.570 1
-8.879 32.219 26.570 1
-8.879 27.269 31.520 1
-13.829 32.219 31.520 1
-13.829 27.269 36.470 1
-8.879 32.219 36.470 0
-8.879 27.269 41.420 0
-13.829 32.219 41.420 0
-13.829 27.269 46.369 0
-8.879 32.219 46.369 0
-8.879 27.269 51.319 0
-13.829 32.219 51.319 0
-8.879 37.168 -47.676 0
-13.829 42.118 -47.676 0
-13.829 37.168 -42.726 0
-8.879 42.118 -42.726 0
-8.879 37.168 -37.776 0
-13.829 42.118 -37.776 0
-13.829 37.168 -32.827 0
-8.879 42.118 -32.827 0
-8.879 37.168 -27.877 0
-13.829 42.118 -27.877 0
-13.829 37.168 -22.927 0
-8.879 42.118 -22.927 0
-8.879 37.168 -17.977 0
-13.829 42.118 -17.977 0
-13.829 37.168 -13.028 0
-8.879 42.118 -13.028 0
-8.879 37.168 -8.078 0
-13.829 42.118 -8.078 0
-13.829 37.168 -3.128 0
-8.879 42.118 -3.128 0
-8.879 37.168 1.822 0
-13.829 42.118 1.822 1
-13.829 37.168 6.771 1
-8.879 42.118 6.771 1
-8.879 37.168 11.721 1
-13.829 42.118 11.721 1
-13.829 37.168 16.671 1
-8.879 42.118 16.671 1
-8.879 37.168 21.621 1
-13.829 42.118 21.621 1
-13.829 37.168 26.570 1
-8.879 42.118 26.570 1
-8.879 37.168 31.520 1
-13.829 42.118 31.520 1
-13.829 37.168 36.470 1
-8.879 42.118 36.470 1
-8.879 37.168 41.420 0
-13.829 42.118 41.420 1
-13.829 37.168 46.369 0
-8.879 42.118 46.369 0
-8.879 37.168 51.319 0
-8.879 47.068 -47.676 0
-13.829 47.068 -42.726 0
-8.879 52.018 -42.726 0
-8.879 47.068 -37.776 0
-13.829 52.018 -37.776 0
-13.829 47.068 -32.827 0
-8.879 52.018 -32.827 0
-8.879 47.068 -27.877 0
-13.829 52.018 -27.877 0
-13.829 47.068 -22.927 0
-8.879 52.018 -22.927 1
-8.879 47.068 -17.977 1
-13.829 52.018 -17.977 0
-13.829 47.068 -13.028 0
-8.879 52.018 -13.028 1
-8.879 47.068 -8.078 1
-13.829 52.018 -8.078 0
-13.829 47.068 -3.128 0
-8.879 52.018 -3.128 1
-8.879 47.068 1.822 0
-13.829 52.018 1.822 0
-13.829 47.068 6.771 1
-8.879 52.018 6.771 0
-8.879 47.068 11.721 1
-13.829 52.018 11.721 1
-13.829 47.068 16.671 1
-8.879 52.018 16.671 1
-8.879 47.068 21.621 1
-13.829 52.018 21.621 1
-13.829 47.068 26.570 1
-8.879 52.018 26.570 1
-8.879 47.068 31.520 1
-13.829 52.018 31.520 1
-13.829 47.068 36.470 1
-8.879 52.018 36.470 0
-8.879 47.068 41.420 0
-13.829 52.018 41.420 0
-13.829 47.068 46.369 0
-13.829 56.967 -42.726 0
-8.879 56.967 -37.776 0
-13.829 61.917 -37.776 0
-13.829 56.967 -32.827 0
-8.879 61.917 -32.827 0
-8.879 56.967 -27.877 1
-13.829 61.917 -27.877 0
-13.829 56.967 -22.927 0
-8.879 61.917 -22.927 1
-8.879 56.967 -17.977 1
-13.829 61.917 -17.977 0
-13.829 56.967 -13.028 0
-8.879 61.917 -13.028 1
-8.879 56.967 -8.078 1
-13.829 61.917 -8.078 0
-13.829 56.967 -3.128 0
-8.879 61.917 -3.128 0
-8.879 56.967 1.822 0
-13.829 61.917 1.822 0
-13.829 56.967 6.771 0
-8.879 61.917 6.771 0
-8.879 56.967 11.721 0
-13.829 61.917 11.721 0
-13.829 56.967 16.671 1
-8.879 61.917 16.671 0
-8.879 56.967 21.621 0
-13.829 61.917 21.621 0
-13.829 56.967 26.570 1
-8.879 61.917 26.570 0
-8.879 56.967 31.520 0
-13.829 61.917 31.520 0
-13.829 56.967 36.470 0
-8.879 61.917 36.470 0
-8.879 56.967 41.420 0
-13.829 66.867 -32.827 0
-8.879 66.867 -27.877 0
-13.829 71.817 -27.877 0
-13.829 66.867 -22.927 0
-8.879 71.817 -22.927 0
-8.879 66.867 -17.977 1
-13.829 71.817 -17.977 0
-13.829 66.867 -13.028 0
-8.879 71.817 -13.028 0
-8.879 66.867 -8.078 1
-13.829 71.817 -8.078 0
-13.829 66.867 -3.128 0
-8.879 71.817 -3.128 0
-8.879 66.867 1.822 0
-13.829 71.817 1.822 0
-13.829 66.867 6.771 0
-8.879 71.817 6.771 0
-8.879 66.867 11.721 0
-13.829 71.817 11.721 0
-13.829 66.867 16.671 0
-8.879 71.817 16.671 0
-8.879 66.867 21.621 0
-13.829 71.817 21.621 0
-13.829 66.867 26.570 0
-8.879 71.817 26.570 0
-8.879 66.867 31.520 0
-13.829 76.766 -22.927 0
-8.879 76.766 -17.977 0
-13.829 76.766 -13.028 0
-8.879 81.716 -13.028 0
-8.879 76.766 -8.078 0
-13.829 81.716 -8.078 0
-13.829 76.766 -3.128 0
-8.879 81.716 -3.128 0
-8.879 76.766 1.822 0
-13.829 81.716 1.822 0
-13.829 76.766 6.771 0
-8.879 81.716 6.771 0
-8.879 76.766 11.721 0
-13.829 81.716 11.721 0
-13.829 76.766 16.671 0
-8.879 81.716 16.671 0
-8.879 76.766 21.621 0
1.020 -86.575 -3.128 0
-3.930 -86.575 1.822 0
1.020 -76.676 -22.927 0
1.020 -81.626 -17.977 0
-3.930 -76.676 -17.977 0
-3.930 -81.626 -13.028 0
1.020 -76.676 -13.028 0
1.020 -81.626 -8.078 0
-3.930 -76.676 -8.078 0
-3.930 -81.626 -3.128 0
1.020 -76.676 -3.128 1
1.020 -81.626 1.822 0
-3.930 -76.676 1.822 0
-3.930 -81.626 6.771 0
1.020 -76.676 6.771 0
1.020 -81.626 11.721 0
-3.930 -76.676 11.721 0
-3.930 -81.626 16.671 0
1.020 -76.676 16.671 0
-3.930 -76.676 21.621 0
1.020 -76.676 26.570 0
1.020 -66.776 -32.827 0
1.020 -71.726 -27.877 0
-3.930 -66.776 -27.877 1
-3.930 -71.726 -22.927 0
1.020 -66.776 -22.927 1
1.020 -71.726 -17.977 1
-3.930 -66.776 -17.977 1
-3.930 -71.726 -13.028 1
1.020 -66.776 -13.028 1
1.020 -71.726 -8.078 1
-3.930 -66.776 -8.078 1
-3.930 -71.726 -3.128 1
1.020 -66.776 -3.128 1
1.020 -71.726 1.822 1
-3.930 -66.776 1.822 1
-3.930 -71.726 6.771 0
1.020 -66.776 6.771 1
1.020 -71.726 11.721 0
-3.930 -66.776 11.721 1
-3.930 -71.726 16.671 0
1.020 -66.776 16.671 1
1.020 -71.726 21.621 0
-3.930 -66.776 21.621 0
-3.930 -71.726 26.570 0
1.020 -66.776 26.570 0
1.020 -71.726 31.520 0
-3.930 -66.776 31.520 0
1.020 -66.776 36.470 0
1.020 -56.877 -42.726 0
1.020 -61.827 -37.776 0
-3.930 -56.877 -37.776 0
-3.930 -61.827 -32.827 1
1.020 -56.877 -32.827 1
1.020 -61.827 -27.877 1
-3.930 -56.877 -27.877 1
-3.930 -61.827 -22.927 1
1.020 -56.877 -22.927 1
1.020 -61.827 -17.977 1
-3.930 -56.877 -17.977 1
-3.930 -61.827 -13.028 1
1.020 -56.877 -13.028 1
1.020 -61.827 -8.078 1
-3.930 -56.877 -8.078 1
-3.930 -61.827 -3.128 1
1.020 -56.877 -3.128 1
1.020 -61.827 1.822 1
-3.930 -56.877 1.822 1
-3.930 -61.827 6.771 1
1.020 -56.877 6.771 1
1.020 -61.827 11.721 1
-3.930 -56.877 11.721 1
-3.930 -61.827 16.671 1
1.020 -56.877 16.671 1
1.020 -61.827 21.621 0
-3.930 -56.877 21.621 1
-3.930 -61.827 26.570 0
1.020 -56.877 26.570 0
1.020 -61.827 31.520 0
-3.930 -56.877 31.520 0
-3.930 -61.827 36.470 0
1.020 -56.877 36.470 0
-3.930 -56.877 41.420 0
-3.930 -46.977 -47.676 0
-3.930 -51.927 -42.726 0
1.020 -46.977 -42.726 0
1.020 -51.927 -37.776 1
-3.930 -46.977 -37.776 1
-3.930 -51.927 -32.827 1
1.020 -46.977 -32.827 1
1.020 -51.927 -27.877 1
-3.930 -46.977 -27.877 1
-3.930 -51.927 -22.927 1
1.020 -46.977 -22.927 1
1.020 -51.927 -17.977 1
-3.930 -46.977 -17.977 1
-3.930 -51.927 -13.028 1
1.020 -46.977 -13.028 1
1.020 -51.927 -8.078 1
-3.930 -46.977 -8.078 1
-3.930 -51.927 -3.128 1
1.020 -46.977 -3.128 1
1.020 -51.927 1.822 1
-3.930 -46.977 1.822 1
-3.930 -51.927 6.771 1
1.020 -46.977 6.771 1
1.020 -51.927 11.721 1
-3.930 -46.977 11.721 1
-3.930 -51.927 16.671 1
1.020 -46.977 16.671 1
1.020 -51.927 21.621 1
-3.930 -46.977 21.621 1
-3.930 -51.927 26.570 0
1.020 -46.977 26.570 1
1.020 -51.927 31.520 0
-3.930 -46.977 31.520 0
-3.930 -51.927 36.470 0
1.020 -46.977 36.470 0
1.020 -51.927 41.420 0
-3.930 -46.977 41.420 0
1.020 -46.977 46.369 0
1.020 -42.028 -47.676 0
-3.930 -37.078 -47.676 0
-3.930 -42.028 -42.726 0
1.020 -37.078 -42.726 0
1.020 -42.028 -37.776 1
-3.930 -37.078 -37.776 1
-3.930 -42.028 -32.827 1
1.020 -37.078 -32.827 1
1.020 -42.028 -27.877 1
-3.930 -37.078 -27.877 1
-3.930 -42.028 -22.927 1
1.020 -37.078 -22.927 1
1.020 -42.028 -17.977 1
-3.930 -37.078 -17.977 1
-3.930 -42.028 -13.028 1
1.020 -37.078 -13.028 1
1.020 -42.028 -8.078 1
-3.930 -37.078 -8.078 1
-3.930 -42.028 -3.128 1
1.020 -37.078 -3.128 1
1.020 -42.028 1.822 1
-3.930 -37.078 1.822 1
-3.930 -42.028 6.771 1
1.020 -37.078 6.771 1
1.020 -42.028 11.721 1
-3.930 -37.078 11.721 1
-3.930 -42.028 16.671 1
1.020 -37.078 16.671 1
1.020 -42.028 21.621 1
-3.930 -37.078 21.621 1
-3.930 -42.028 26.570 0
1.020 -37.078 26.570 1
1.020 -42.028 31.520 0
-3.930 -37.078 31.520 0
-3.930 -42.028 36.470 0
1.020 -37.078 36.470 0
1.020 -42.028 41.420 0
-3.930 -37.078 41.420 0
-3.930 -42.028 46.369 0
1.020 -37.078 46.369 0
-3.930 -37.078 51.319 0
-3.930 -32.128 -52.626 0
1.020 -27.178 -52.626 0
1.020 -32.128 -47.676 0
-3.930 -27.178 -47.676 0
-3.930 -32.128 -42.726 0
1.020 -27.178 -42.726 0
1.020 -32.128 -37.776 1
-3.930 -27.178 -37.776 0
-3.930 -32.128 -32.827 1
1.020 -27.178 -32.827 1
1.020 -32.128 -27.877 1
-3.930 -27.178 -27.877 1
-3.930 -32.128 -22.927 1
1.020 -27.178 -22.927 1
1.020 -32.128 -17.977 1
-3.930 -27.178 -17.977 1
-3.930 -32.128 -13.028 1
1.020 -27.178 -13.028 1
1.020 -32.128 -8.078 1
-3.930 -27.178 -8.078 1
-3.930 -32.128 -3.128 1
1.020 -27.178 -3.128 1
1.020 -32.128 1.822 1
-3.930 -27.178 1.822 1
-3.930 -32.128 6.771 1
1.020 -27.178 6.771 1
1.020 -32.128 11.721 1
-3.930 -27.178 11.721 1
-3.930 -32.128 16.671 1
1.020 -27.178 16.671 1
1.020 -32.128 21.621 1
-3.930 -27.178 21.621 1
-3.930 -32.128 26.570 0
1.020 -27.178 26.570 0
1.020 -32.128 31.520 0
-3.930 -27.178 31.520 0
-3.930 -32.128 36.470 0
1.020 -27.178 36.470 0
1.020 -32.128 41.420 0
-3.930 -27.178 41.420 0
-3.930 -32.128 46.369 0
1.020 -27.178 46.369 0
1.020 -32.128 51.319 0
-3.930 -27.178 51.319 0
-3.930 -22.229 -52.626 0
1.020 -17.279 -52.626 0
1.020 -22.229 -47.676 0
-3.930 -17.279 -47.676 0
-3.930 -22.229 -42.726 0
1.020 -17.279 -42.726 0
1.020 -22.229 -37.776 0
-3.930 -17.279 -37.776 0
-3.930 -22.229 -32.827 1
1.020 -17.279 -32.827 0
1.020 -22.229 -27.877 1
-3.930 -17.279 -27.877 1
-3.930 -22.229 -22.927 1
1.020 -17.279 -22.927 1
1.020 -22.229 -17.977 1
-3.930 -17.279 -17.977 1
-3.930 -22.229 -13.028 1
1.020 -17.279 -13.028 1
1.020 -22.229 -8.078 1
-3.930 -17.279 -8.078 1
-3.930 -22.229 -3.128 1
1.020 -17.279 -3.128 1
1.020 -22.229 1.822 1
-3.930 -17.279 1.822 1
-3.930 -22.229 6.771 1
1.020 -17.279 6.771 1
1.020 -22.229 11.721 1
-3.930 -17.279 11.721 1
-3.930 -22.229 16.671 1
1.020 -17.279 16.671 1
1.020 -22.229 21.621 1
-3.930 -17.279 21.621 0
-3.930 -22.229 26.570 0
1.020 -17.279 26.570 0
1.020 -22.229 31.520 0
-3.930 -17.279 31.520 0
-3.930 -22.229 36.470 0
1.020 -17.279 36.470 0
1.020 -22.229 41.420 0
-3.930 -17.279 41.420 0
-3.930 -22.229 46.369 0
1.020 -17.279 46.369 0
1.020 -22.229 51.319 0
-3.930 -17.279 51.319 0
1.020 -17.279 56.269 0
-3.930 -12.329 -52.626 0
1.020 -7.379 -52.626 0
1.020 -12.329 -47.676 0
-3.930 -7.379 -47.676 0
-3.930 -12.329 -42.726 0
1.020 -7.379 -42.726 0
1.020 -12.329 -37.776 0
-3.930 -7.379 -37.776 0
-3.930 -12.329 -32.827 0
1.020 -7.379 -32.827 0
1.020 -12.329 -27.877 0
-3.930 -7.379 -27.877 0
-3.930 -12.329 -22.927 0
1.020 -7.379 -22.927 0
1.020 -12.329 -17.977 1
-3.930 -7.379 -17.977 0
-3.930 -12.329 -13.028 1
1.020 -7.379 -13.028 1
1.020 -12.329 -8.078 1
-3.930 -7.379 -8.078 0
-3.930 -12.329 -3.128 1
1.020 -7.379 -3.128 1
1.020 -12.329 1.822 1
-3.930 -7.379 1.822 0
-3.930 -12.329 6.771 1
1.020 -7.379 6.771 0
1.020 -12.329 11.721 1
-3.930 -7.379 11.721 0
-3.930 -12.329 16.671 0
1.020 -7.379 16.671 0
1.020 -12.329 21.621 0
-3.930 -7.379 21.621 0
-3.930 -12.329 26.570 0
1.020 -7.379 26.570 0
1.020 -12.329 31.520 0
-3.930 -7.379 31.520 0
-3.930 -12.329 36.470 0
1.020 -7.379 36.470 0
1.020 -12.329 41.420 0
-3.930 -7.379 41.420 0
-3.930 -12.329 46.369 0
1.020 -7.379 46.369 0
1.020 -12.329 51.319 0
-3.930 -7.379 51.319 0
-3.930 -12.329 56.269 0
1.020 -7.379 56.269 0
1.020 -2.430 -57.575 0
-3.930 2.520 -57.575 0
-3.930 -2.430 -52.626 0
1.020 2.520 -52.626 0
1.020 -2.430 -47.676 0
-3.930 2.520 -47.676 0
-3.930 -2.430 -42.726 0
1.020 2.520 -42.726 0
1.020 -2.430 -37.776 0
-3.930 2.520 -37.776 0
-3.930 -2.430 -32.827 0
1.020 2.520 -32.827 0
1.020 -2.430 -27.877 0
-3.930 2.520 -27.877 0
-3.930 -2.430 -22.927 0
1.020 2.520 -22.927 0
1.020 -2.430 -17.977 0
-3.930 2.520 -17.977 0
-3.930 -2.430 -13.028 0
1.020 2.520 -13.028 0
1.020 -2.430 -8.078 0
-3.930 2.520 -8.078 0
-3.930 -2.430 -3.128 0
1.020 2.520 -3.128 0
1.020 -2.430 1.822 0
-3.930 2.520 1.822 0
-3.930 -2.430 6.771 0
1.020 2.520 6.771 0
1.020 -2.430 11.721 0
-3.930 2.520 11.721 0
-3.930 -2.430 16.671 0
1.020 2.520 16.671 0
1.020 -2.430 21.621 0
-3.930 2.520 21.621 0
-3.930 -2.430 26.570 0
1.020 2.520 26.570 0
1.020 -2.430 31.520 0
-3.930 2.520 31.520 0
-3.930 -2.430 36.470 0
1.020 2.520 36.470 0
1.020 -2.430 41.420 0
-3.930 2.520 41.420 0
-3.930 -2.430 46.369 0
1.020 2.520 46.369 0
1.020 -2.430 51.319 0
-3.930 2.520 51.319 0
-3.930 -2.430 56.269 0
1.020 2.520 56.269 0
1.020 7.470 -57.575 0
-3.930 7.470 -52.626 0
1.020 12.420 -52.626 0
1.020 7.470 -47.676 0
-3.930 12.420 -47.676 0
-3.930 7.470 -42.726 0
1.020 12.420 -42.726 0
1.020 7.470 -37.776 0
-3.930 12.420 -37.776 0
-3.930 7.470 -32.827 0
1.020 12.420 -32.827 0
1.020 7.470 -27.877 0
-3.930 12.420 -27.877 0
-3.930 7.470 -22.927 0
1.020 12.420 -22.927 0
1.020 7.470 -17.977 0
-3.930 12.420 -17.977 0
-3.930 7.470 -13.028 0
1.020 12.420 -13.028 0
1.020 7.470 -8.078 0
-3.930 12.420 -8.078 0
-3.930 7.470 -3.128 0
1.020 12.420 -3.128 0
1.020 7.470 1.822 0
-3.930 12.420 1.822 0
-3.930 7.470 6.771 0
1.020 12.420 6.771 0
1.020 7.470 11.721 0
-3.930 12.420 11.721 0
-3.930 7.470 16.671 0
1.020 12.420 16.671 0
1.020 7.470 21.621 0
-3.930 12.420 21.621 0
-3.930 7.470 26.570 0
1.020 12.420 26.570 0
1.020 7.470 31.520 0
-3.930 12.420 31.520 0
-3.930 7.470 36.470 0
1.020 12.420 36.470 0
1.020 7.470 41.420 0
-3.930 12.420 41.420 0
-3.930 7.470 46.369 0
1.020 12.420 46.369 0
1.020 7.470 51.319 0
-3.930 12.420 51.319 0
-3.930 7.470 56.269 0
1.020 12.420 56.269 0
-3.930 17.369 -52.626 0
1.020 22.319 -52.626 0
1.020 17.369 -47.676 0
-3.930 22.319 -47.676 0
-3.930 17.369 -42.726 0
1.020 22.319 -42.726 0
1.020 17.369 -37.776 0
-3.930 22.319 -37.776 0
-3.930 17.369 -32.827 0
1.020 22.319 -32.827 0
1.020 17.369 -27.877 0
-3.930 22.319 -27.877 0
-3.930 17.369 -22.927 0
1.020 22.319 -22.927 0
1.020 17.369 -17.977 0
-3.930 22.319 -17.977 0
-3.930 17.369 -13.028 0
1.020 22.319 -13.028 0
1.020 17.369 -8.078 0
-3.930 22.319 -8.078 0
-3.930 17.369 -3.128 0
1.020 22.319 -3.128 0
1.020 17.369 1.822 0
-3.930 22.319 1.822 0
-3.930 17.369 6.771 0
1.020 22.319 6.771 0
1.020 17.369 11.721 0
-3.930 22.319 11.721 0
-3.930 17.369 16.671 0
1.020 22.319 16.671 0
1.020 17.369 21.621 0
-3.930 22.319 21.621 0
-3.930 17.369 26.570 0
1.020 22.319 26.570 0
1.020 17.369 31.520 0
-3.930 22.319 31.520 0
-3.930 17.369 36.470 0
1.020 22.319 36.470 0
1.020 17.369 41.420 0
-3.930 22.319 41.420 0
-3.930 17.369 46.369 0
1.020 22.319 46.369 0
1.020 17.369 51.319 0
-3.930 22.319 51.319 0
-3.930 17.369 56.269 0
-3.930 27.269 -52.626 0
1.020 32.219 -52.626 0
1.020 27.269 -47.676 0
-3.930 32.219 -47.676 0
-3.930 27.269 -42.726 0
1.020 32.219 -42.726 0
1.020 27.269 -37.776 0
-3.930 32.219 -37.776 0
-3.930 27.269 -32.827 0
1.020 32.219 -32.827 0
1.020 27.269 -27.877 0
-3.930 32.219 -27.877 0
-3.930 27.269 -22.927 0
1.020 32.219 -22.927 0
1.020 27.269 -17.977 0
-3.930 32.219 -17.977 0
-3.930 27.269 -13.028 0
1.020 32.219 -13.028 0
1.020 27.269 -8.078 0
-3.930 32.219 -8.078 0
-3.930 27.269 -3.128 0
1.020 32.219 -3.128 0
1.020 27.269 1.822 0
-3.930 32.219 1.822 0
-3.930 27.269 6.771 0
1.020 32.219 6.771 0
1.020 27.269 11.721 0
-3.930 32.219 11.721 0
-3.930 27.269 16.671 0
1.020 32.219 16.671 0
1.020 27.269 21.621 0
-3.930 32.219 21.621 1
-3.930 27.269 26.570 0
1.020 32.219 26.570 0
1.020 27.269 31.520 0
-3.930 32.219 31.520 0
-3.930 27.269 36.470 0
1.020 32.219 36.470 0
1.020 27.269 41.420 0
-3.930 32.219 41.420 0
-3.930 27.269 46.369 0
1.020 32.219 46.369 0
1.020 27.269 51.319 0
-3.930 32.219 51.319 0
1.020 37.168 -47.676 0
-3.930 42.118 -47.676 0
-3.930 37.168 -42.726 0
1.020 42.118 -42.726 0
1.020 37.168 -37.776 0
-3.930 42.118 -37.776 0
-3.930 37.168 -32.827 0
1.020 42.118 -32.827 0
1.020 37.168 -27.877 0
-3.930 42.118 -27.877 0
-3.930 37.168 -22.927 0
1.020 42.118 -22.927 1
1.020 37.168 -17.977 1
-3.930 42.118 -17.977 1
-3.930 37.168 -13.028 0
1.020 42.118 -13.028 1
1.020 37.168 -8.078 1
-3.930 42.118 -8.078 1
-3.930 37.168 -3.128 0
1.020 42.118 -3.128 1
1.020 37.168 1.822 0
-3.930 42.118 1.822 0
-3.930 37.168 6.771 0
1.020 42.118 6.771 0
1.020 37.168 11.721 0
-3.930 42.118 11.721 0
-3.930 37.168 16.671 1
1.020 42.118 16.671 0
1.020 37.168 21.621 0
-3.930 42.118 21.621 1
-3.930 37.168 26.570 1
1.020 42.118 26.570 0
1.020 37.168 31.520 0
-3.930 42.118 31.520 0
-3.930 37.168 36.470 0
1.020 42.118 36.470 0
1.020 37.168 41.420 0
-3.930 42.118 41.420 0
-3.930 37.168 46.369 0
1.020 42.118 46.369 0
1.020 37.168 51.319 0
1.020 47.068 -47.676 0
-3.930 47.068 -42.726 0
1.020 52.018 -42.726 0
1.020 47.068 -37.776 0
-3.930 52.018 -37.776 0
-3.930 47.068 -32.827 0
1.020 52.018 -32.827 1
1.020 47.068 -27.877 1
-3.930 52.018 -27.877 1
-3.930 47.068 -22.927 1
1.020 52.018 -22.927 1
1.020 47.068 -17.977 1
-3.930 52.018 -17.977 1
-3.930 47.068 -13.028 1
1.020 52.018 -13.028 1
1.020 47.068 -8.078 1
-3.930 52.018 -8.078 1
-3.930 47.068 -3.128 1
1.020 52.018 -3.128 1
1.020 47.068 1.822 1
-3.930 52.018 1.822 0
-3.930 47.068 6.771 0
1.020 52.018 6.771 0
1.020 47.068 11.721 0
-3.930 52.018 11.721 0
-3.930 47.068 16.671 0
1.020 52.018 16.671 0
1.020 47.068 21.621 0
-3.930 52.018 21.621 0
-3.930 47.068 26.570 0
1.020 52.018 26.570 0
1.020 47.068 31.520 0
-3.930 52.018 31.520 0
-3.930 47.068 36.470 0
1.020 52.018 36.470 0
1.020 47.068 41.420 0
-3.930 52.018 41.420 0
-3.930 47.068 46.369 0
-3.930 56.967 -42.726 0
1.020 56.967 -37.776 0
-3.930 61.917 -37.776 0
-3.930 56.967 -32.827 1
1.020 61.917 -32.827 1
1.020 56.967 -27.877 1
-3.930 61.917 -27.877 1
-3.930 56.967 -22.927 1
1.020 61.917 -22.927 1
1.020 56.967 -17.977 1
-3.930 61.917 -17.977 1
-3.930 56.967 -13.028 1
1.020 61.917 -13.028 1
1.020 56.967 -8.078 1
-3.930 61.917 -8.078 1
-3.930 56.967 -3.128 1
1.020 61.917 -3.128 1
1.020 56.967 1.822 1
-3.930 61.917 1.822 0
-3.930 56.967 6.771 0
1.020 61.917 6.771 0
1.020 56.967 11.721 0
-3.930 61.917 11.721 0
-3.930 56.967 16.671 0
1.020 61.917 16.671 0
1.020 56.967 21.621 0
-3.930 61.917 21.621 0
-3.930 56.967 26.570 0
1.020 61.917 26.570 0
1.020 56.967 31.520 0
-3.930 61.917 31.520 0
-3.930 56.967 36.470 0
1.020 61.917 36.470 0
1.020 56.967 41.420 0
-3.930 66.867 -32.827 0
1.020 66.867 -27.877 1
-3.930 71.817 -27.877 0
-3.930 66.867 -22.927 1
1.020 71.817 -22.927 1
1.020 66.867 -17.977 1
-3.930 71.817 -17.977 1
-3.930 66.867 -13.028 1
1.020 71.817 -13.028 1
1.020 66.867 -8.078 1
-3.930 71.817 -8.078 0
-3.930 66.867 -3.128 1
1.020 71.817 -3.128 0
1.020 66.867 1.822 0
-3.930 71.817 1.822 0
-3.930 66.867 6.771 0
1.020 71.817 6.771 0
1.020 66.867 11.721 0
-3.930 71.817 11.721 0
-3.930 66.867 16.671 0
1.020 71.817 16.671 0
1.020 66.867 21.621 0
-3.930 71.817 21.621 0
-3.930 66.867 26.570 0
1.020 71.817 26.570 0
1.020 66.867 31.520 0
-3.930 71.817 31.520 0
-3.930 66.867 36.470 0
-3.930 76.766 -22.927 0
1.020 76.766 -17.977 0
-3.930 81.716 -17.977 0
-3.930 76.766 -13.028 0
1.020 81.716 -13.028 0
1.020 76.766 -8.078 0
-3.930 81.716 -8.078 0
-3.930 76.766 -3.128 0
1.020 81.716 -3.128 0
1.020 76.766 1.822 0
-3.930 81.716 1.822 0
-3.930 76.766 6.771 0
1.020 81.716 6.771 0
1.020 76.766 11.721 0
-3.930 81.716 11.721 0
-3.930 76.766 16.671 0
1.020 81.716 16.671 0
1.020 76.766 21.621 0
-3.930 76.766 26.570 0
1.020 86.666 1.822 0
10.920 -76.676 -22.927 0
10.920 -81.626 -17.977 0
5.970 -76.676 -17.977 1
5.970 -81.626 -13.028 0
10.920 -76.676 -13.028 1
10.920 -81.626 -8.078 0
5.970 -76.676 -8.078 1
5.970 -81.626 -3.128 0
10.920 -76.676 -3.128 1
10.920 -81.626 1.822 0
5.970 -76.676 1.822 1
5.970 -81.626 6.771 0
10.920 -76.676 6.771 0
10.920 -81.626 11.721 0
5.970 -76.676 11.721 0
5.970 -81.626 16.671 0
10.920 -76.676 16.671 0
5.970 -76.676 21.621 0
10.920 -66.776 -32.827 1
10.920 -71.726 -27.877 1
5.970 -66.776 -27.877 1
5.970 -71.726 -22.927 1
10.920 -66.776 -22.927 1
10.920 -71.726 -17.977 1
5.970 -66.776 -17.977 1
5.970 -71.726 -13.028 1
10.920 -66.776 -13.028 1
10.920 -71.726 -8.078 1
5.970 -66.776 -8.078 1
5.970 -71.726 -3.128 1
10.920 -66.776 -3.128 1
10.920 -71.726 1.822 1
5.970 -66.776 1.822 1
5.970 -71.726 6.771 1
10.920 -66.776 6.771 1
10.920 -71.726 11.721 1
5.970 -66.776 11.721 1
5.970 -71.726 16.671 0
10.920 -66.776 16.671 1
10.920 -71.726 21.621 0
5.970 -66.776 21.621 0
5.970 -71.726 26.570 0
10.920 -66.776 26.570 0
10.920 -71.726 31.520 0
5.970 -66.776 31.520 0
10.920 -56.877 -42.726 0
10.920 -61.827 -37.776 1
5.970 -56.877 -37.776 1
5.970 -61.827 -32.827 1
10.920 -56.877 -32.827 1
10.920 -61.827 -27.877 1
5.970 -56.877 -27.877 1
5.970 -61.827 -22.927 1
10.920 -56.877 -22.927 1
10.920 -61.827 -17.977 1
5.970 -56.877 -17.977 1
5.970 -61.827 -13.028 1
10.920 -56.877 -13.028 1
10.920 -61.827 -8.078 1
5.970 -56.877 -8.078 1
5.970 -61.827 -3.128 1
10.920 -56.877 -3.128 1
10.920 -61.827 1.822 1
5.970 -56.877 1.822 1
5.970 -61.827 6.771 1
10.920 -56.877 6.771 1
10.920 -61.827 11.721 1
5.970 -56.877 11.721 1
5.970 -61.827 16.671 1
10.920 -56.877 16.671 1
10.920 -61.827 21.621 1
5.970 -56.877 21.621 1
5.970 -61.827 26.570 0
10.920 -56.877 26.570 1
10.920 -61.827 31.520 0
5.970 -56.877 31.520 0
5.970 -61.827 36.470 0
10.920 -56.877 36.470 0
5.970 -56.877 41.420 0
5.970 -46.977 -47.676 0
5.970 -51.927 -42.726 1
10.920 -46.977 -42.726 1
10.920 -51.927 -37.776 1
5.970 -46.977 -37.776 1
5.970 -51.927 -32.827 1
10.920 -46.977 -32.827 1
10.920 -51.927 -27.877 1
5.970 -46.977 -27.877 1
5.970 -51.927 -22.927 1
10.920 -46.977 -22.927 1
10.920 -51.927 -17.977 1
5.970 -46.977 -17.977 1
5.970 -51.927 -13.028 1
10.920 -46.977 -13.028 1
10.920 -51.927 -8.078 1
5.970 -46.977 -8.078 1
5.970 -51.927 -3.128 1
10.920 -46.977 -3.128 1
10.920 -51.927 1.822 1
5.970 -46.977 1.822 1
5.970 -51.927 6.771 1
10.920 -46.977 6.771 1
10.920 -51.927 11.721 1
5.970 -46.977 11.721 1
5.970 -51.927 16.671 1
10.920 -46.977 16.671 1
10.920 -51.927 21.621 1
5.970 -46.977 21.621 1
5.970 -51.927 26.570 1
10.920 -46.977 26.570 1
10.920 -51.927 31.520 0
5.970 -46.977 31.520 0
5.970 -51.927 36.470 0
10.920 -46.977 36.470 0
10.920 -51.927 41.420 0
5.970 -46.977 41.420 0
10.920 -46.977 46.369 0
10.920 -42.028 -47.676 0
5.970 -37.078 -47.676 0
5.970 -42.028 -42.726 1
10.920 -37.078 -42.726 1
10.920 -42.028 -37.776 1
5.970 -37.078 -37.776 1
5.970 -42.028 -32.827 1
10.920 -37.078 -32.827 1
10.920 -42.028 -27.877 1
5.970 -37.078 -27.877 1
5.970 -42.028 -22.927 1
10.920 -37.078 -22.927 1
10.920 -42.028 -17.977 1
5.970 -37.078 -17.977 1
5.970 -42.028 -13.028 1
10.920 -37.078 -13.028 1
10.920 -42.028 -8.078 1
5.970 -37.078 -8.078 1
5.970 -42.028 -3.128 1
10.920 -37.078 -3.128 1
10.920 -42.028 1.822 1
5.970 -37.078 1.822 1
5.970 -42.028 6.771 1
10.920 -37.078 6.771 1
10.920 -42.028 11.721 1
5.970 -37.078 11.721 1
5.970 -42.028 16.671 1
10.920 -37.078 16.671 1
10.920 -42.028 21.621 1
5.970 -37.078 21.621 1
5.970 -42.028 26.570 1
10.920 -37.078 26.570 1
10.920 -42.028 31.520 0
5.970 -37.078 31.520 0
5.970 -42.028 36.470 0
10.920 -37.078 36.470 0
10.920 -42.028 41.420 0
5.970 -37.078 41.420 0
5.970 -42.028 46.369 0
10.920 -37.078 46.369 0
5.970 -37.078 51.319 0
5.970 -32.128 -52.626 0
10.920 -27.178 -52.626 0
10.920 -32.128 -47.676 0
5.970 -27.178 -47.676 0
5.970 -32.128 -42.726 1
10.920 -27.178 -42.726 0
10.920 -32.128 -37.776 1
5.970 -27.178 -37.776 1
5.970 -32.128 -32.827 1
10.920 -27.178 -32.827 1
10.920 -32.128 -27.877 1
5.970 -27.178 -27.877 1
5.970 -32.128 -22.927 1
10.920 -27.178 -22.927 1
10.920 -32.128 -17.977 1
5.970 -27.178 -17.977 1
5.970 -32.128 -13.028 1
10.920 -27.178 -13.028 1
10.920 -32.128 -8.078 1
5.970 -27.178 -8.078 1
5.970 -32.128 -3.128 1
10.920 -27.178 -3.128 1
10.920 -32.128 1.822 1
5.970 -27.178 1.822 1
5.970 -32.128 6.771 1
10.920 -27.178 6.771 1
10.920 -32.128 11.721 1
5.970 -27.178 11.721 1
5.970 -32.128 16.671 1
10.920 -27.178 16.671 1
10.920 -32.128 21.621 1
5.970 -27.178 21.621 1
5.970 -32.128 26.570 1
10.920 -27.178 26.570 1
10.920 -32.128 31.520 0
5.970 -27.178 31.520 0
5.970 -32.128 36.470 0
10.920 -27.178 36.470 0
10.920 -32.128 41.420 0
5.970 -27.178 41.420 0
5.970 -32.128 46.369 0
10.920 -27.178 46.369 0
10.920 -32.128 51.319 0
5.970 -27.178 51.319 0
5.970 -22.229 -52.626 0
10.920 -17.279 -52.626 0
10.920 -22.229 -47.676 0
5.970 -17.279 -47.676 0
5.970 -22.229 -42.726 0
10.920 -17.279 -42.726 0
10.920 -22.229 -37.776 1
5.970 -17.279 -37.776 0
5.970 -22.229 -32.827 1
10.920 -17.279 -32.827 1
10.920 -22.229 -27.877 1
5.970 -17.279 -27.877 1
5.970 -22.229 -22.927 1
10.920 -17.279 -22.927 1
10.920 -22.229 -17.977 1
5.970 -17.279 -17.977 1
5.970 -22.229 -13.028 1
10.920 -17.279 -13.028 1
10.920 -22.229 -8.078 1
5.970 -17.279 -8.078 1
5.970 -22.229 -3.128 1
10.920 -17.279 -3.128 1
10.920 -22.229 1.822 1
5.970 -17.279 1.822 1
5.970 -22.229 6.771 1
10.920 -17.279 6.771 1
10.920 -22.229 11.721 1
5.970 -17.279 11.721 1
5.970 -22.229 16.671 1
10.920 -17.279 16.671 1
10.920 -22.229 21.621 1
5.970 -17.279 21.621 0
5.970 -22.229 26.570 0
10.920 -17.279 26.570 0
10.920 -22.229 31.520 0
5.970 -17.279 31.520 0
5.970 -22.229 36.470 0
10.920 -17.279 36.470 0
10.920 -22.229 41.420 0
5.970 -17.279 41.420 0
5.970 -22.229 46.369 0
10.920 -17.279 46.369 0
10.920 -22.229 51.319 0
5.970 -17.279 51.319 0
5.970 -12.329 -52.626 0
10.920 -7.379 -52.626 0
10.920 -12.329 -47.676 0
5.970 -7.379 -47.676 0
5.970 -12.329 -42.726 0
10.920 -7.379 -42.726 0
10.920 -12.329 -37.776 0
5.970 -7.379 -37.776 0
5.970 -12.329 -32.827 0
10.920 -7.379 -32.827 0
10.920 -12.329 -27.877 1
5.970 -7.379 -27.877 0
5.970 -12.329 -22.927 1
10.920 -7.379 -22.927 0
10.920 -12.329 -17.977 1
5.970 -7.379 -17.977 1
5.970 -12.329 -13.028 1
10.920 -7.379 -13.028 1
10.920 -12.329 -8.078 1
5.970 -7.379 -8.078 1
5.970 -12.329 -3.128 1
10.920 -7.379 -3.128 1
10.920 -12.329 1.822 1
5.970 -7.379 1.822 1
5.970 -12.329 6.771 1
10.920 -7.379 6.771 1
10.920 -12.329 11.721 1
5.970 -7.379 11.721 0
5.970 -12.329 16.671 0
10.920 -7.379 16.671 0
10.920 -12.329 21.621 0
5.970 -7.379 21.621 0
5.970 -12.329 26.570 0
10.920 -7.379 26.570 0
10.920 -12.329 31.520 0
5.970 -7.379 31.520 0
5.970 -12.329 36.470 0
10.920 -7.379 36.470 0
10.920 -12.329 41.420 0
5.970 -7.379 41.420 0
5.970 -12.329 46.369 0
10.920 -7.379 46.369 0
10.920 -12.329 51.319 0
5.970 -7.379 51.319 0
5.970 -12.329 56.269 0
10.920 -7.379 56.269 0
5.970 2.520 -57.575 0
5.970 -2.430 -52.626 0
10.920 2.520 -52.626 0
10.920 -2.430 -47.676 0
5.970 2.520 -47.676 0
5.970 -2.430 -42.726 0
10.920 2.520 -42.726 0
10.920 -2.430 -37.776 0
5.970 2.520 -37.776 0
5.970 -2.430 -32.827 0
10.920 2.520 -32.827 0
10.920 -2.430 -27.877 0
5.970 2.520 -27.877 0
5.970 -2.430 -22.927 0
10.920 2.520 -22.927 0
10.920 -2.430 -17.977 0
5.970 2.520 -17.977 0
5.970 -2.430 -13.028 0
10.920 2.520 -13.028 0
10.920 -2.430 -8.078 0
5.970 2.520 -8.078 0
5.970 -2.430 -3.128 0
10.920 2.520 -3.128 0
10.920 -2.430 1.822 0
5.970 2.520 1.822 0
5.970 -2.430 6.771 0
10.920 2.520 6.771 0
10.920 -2.430 11.721 0
5.970 2.520 11.721 0
5.970 -2.430 16.671 0
10.920 2.520 16.671 0
10.920 -2.430 21.621 0
5.970 2.520 21.621 0
5.970 -2.430 26.570 0
10.920 2.520 26.570 0
10.920 -2.430 31.520 0
5.970 2.520 31.520 0
5.970 -2.430 36.470 0
10.920 2.520 36.470 0
10.920 -2.430 41.420 0
5.970 2.520 41.420 0
5.970 -2.430 46.369 0
10.920 2.520 46.369 0
10.920 -2.430 51.319 0
5.970 2.520 51.319 0
5.970 -2.430 56.269 0
10.920 2.520 56.269 0
5.970 7.470 -52.626 0
10.920 12.420 -52.626 0
10.920 7.470 -47.676 0
5.970 12.420 -47.676 0
5.970 7.470 -42.726 0
10.920 12.420 -42.726 0
10.920 7.470 -37.776 0
5.970 12.420 -37.776 0
5.970 7.470 -32.827 0
10.920 12.420 -32.827 0
10.920 7.470 -27.877 0
5.970 12.420 -27.877 0
5.970 7.470 -22.927 0
10.920 12.420 -22.927 0
10.920 7.470 -17.977 0
5.970 12.420 -17.977 0
5.970 7.470 -13.028 0
10.920 12.420 -13.028 0
10.920 7.470 -8.078 0
5.970 12.420 -8.078 0
5.970 7.470 -3.128 0
10.920 12.420 -3.128 0
10.920 7.470 1.822 0
5.970 12.420 1.822 0
5.970 7.470 6.771 0
10.920 12.420 6.771 0
10.920 7.470 11.721 0
5.970 12.420 11.721 0
5.970 7.470 16.671 0
10.920 12.420 16.671 0
10.920 7.470 21.621 0
5.970 12.420 21.621 0
5.970 7.470 26.570 0
10.920 12.420 26.570 0
10.920 7.470 31.520 0
5.970 12.420 31.520 0
5.970 7.470 36.470 0
10.920 12.420 36.470 0
10.920 7.470 41.420 0
5.970 12.420 41.420 0
5.970 7.470 46.369 0
10.920 12.420 46.369 0
10.920 7.470 51.319 0
5.970 12.420 51.319 0
5.970 7.470 56.269 0
10.920 12.420 56.269 0
5.970 17.369 -52.626 0
10.920 22.319 -52.626 0
10.920 17.369 -47.676 0
5.970 22.319 -47.676 0
5.970 17.369 -42.726 0
10.920 22.319 -42.726 0
10.920 17.369 -37.776 0
5.970 22.319 -37.776 0
5.970 17.369 -32.827 0
10.920 22.319 -32.827 0
10.920 17.369 -27.877 0
5.970 22.319 -27.877 0
5.970 17.369 -22.927 0
10.920 22.319 -22.927 0
10.920 17.369 -17.977 0
5.970 22.319 -17.977 0
5.970 17.369 -13.028 0
10.920 22.319 -13.028 0
10.920 17.369 -8.078 0
5.970 22.319 -8.078 0
5.970 17.369 -3.128 0
10.920 22.319 -3.128 0
10.920 17.369 1.822 0
5.970 22.319 1.822 0
5.970 17.369 6.771 0
10.920 22.319 6.771 0
10.920 17.369 11.721 0
5.970 22.319 11.721 0
5.970 17.369 16.671 0
10.920 22.319 16.671 0
10.920 17.369 21.621 0
5.970 22.319 21.621 0
5.970 17.369 26.570 0
10.920 22.319 26.570 0
10.920 17.369 31.520 0
5.970 22.319 31.520 0
5.970 17.369 36.470 0
10.920 22.319 36.470 0
10.920 17.369 41.420 0
5.970 22.319 41.420 0
5.970 17.369 46.369 0
10.920 22.319 46.369 0
10.920 17.369 51.319 0
5.970 22.319 51.319 0
5.970 17.369 56.269 0
5.970 27.269 -52.626 0
10.920 32.219 -52.626 0
10.920 27.269 -47.676 0
5.970 32.219 -47.676 0
5.970 27.269 -42.726 0
10.920 32.219 -42.726 0
10.920 27.269 -37.776 0
5.970 32.219 -37.776 0
5.970 27.269 -32.827 0
10.920 32.219 -32.827 0
10.920 27.269 -27.877 0
5.970 32.219 -27.877 0
5.970 27.269 -22.927 0
10.920 32.219 -22.927 0
10.920 27.269 -17.977 0
5.970 32.219 -17.977 0
5.970 27.269 -13.028 0
10.920 32.219 -13.028 0
10.920 27.269 -8.078 0
5.970 32.219 -8.078 0
5.970 27.269 -3.128 0
10.920 32.219 -3.128 0
10.920 27.269 1.822 0
5.970 32.219 1.822 0
5.970 27.269 6.771 0
10.920 32.219 6.771 0
10.920 27.269 11.721 0
5.970 32.219 11.721 0
5.970 27.269 16.671 0
10.920 32.219 16.671 0
10.920 27.269 21.621 0
5.970 32.219 21.621 0
5.970 27.269 26.570 0
10.920 32.219 26.570 0
10.920 27.269 31.520 0
5.970 32.219 31.520 0
5.970 27.269 36.470 0
10.920 32.219 36.470 0
10.920 27.269 41.420 0
5.970 32.219 41.420 0
5.970 27.269 46.369 0
10.920 32.219 46.369 0
10.920 27.269 51.319 0
5.970 32.219 51.319 0
10.920 37.168 -47.676 0
5.970 42.118 -47.676 0
5.970 37.168 -42.726 0
10.920 42.118 -42.726 0
10.920 37.168 -37.776 0
5.970 42.118 -37.776 0
5.970 37.168 -32.827 0
10.920 42.118 -32.827 0
10.920 37.168 -27.877 0
5.970 42.118 -27.877 1
5.970 37.168 -22.927 1
10.920 42.118 -22.927 1
10.920 37.168 -17.977 1
5.970 42.118 -17.977 1
5.970 37.168 -13.028 1
10.920 42.118 -13.028 1
10.920 37.168 -8.078 1
5.970 42.118 -8.078 1
5.970 37.168 -3.128 0
10.920 42.118 -3.128 1
10.920 37.168 1.822 0
5.970 42.118 1.822 0
5.970 37.168 6.771 0
10.920 42.118 6.771 0
10.920 37.168 11.721 0
5.970 42.118 11.721 0
5.970 37.168 16.671 0
10.920 42.118 16.671 0
10.920 37.168 21.621 0
5.970 42.118 21.621 0
5.970 37.168 26.570 0
10.920 42.118 26.570 0
10.920 37.168 31.520 0
5.970 42.118 31.520 0
5.970 37.168 36.470 0
10.920 42.118 36.470 0
10.920 37.168 41.420 0
5.970 42.118 41.420 0
5.970 37.168 46.369 0
10.920 42.118 46.369 0
10.920 37.168 51.319 0
10.920 47.068 -47.676 0
5.970 47.068 -42.726 0
10.920 52.018 -42.726 0
10.920 47.068 -37.776 0
5.970 52.018 -37.776 0
5.970 47.068 -32.827 1
10.920 52.018 -32.827 1
10.920 47.068 -27.877 1
5.970 52.018 -27.877 1
5.970 47.068 -22.927 1
10.920 52.018 -22.927 1
10.920 47.068 -17.977 1
5.970 52.018 -17.977 1
5.970 47.068 -13.028 1
10.920 52.018 -13.028 1
10.920 47.068 -8.078 1
5.970 52.018 -8.078 1
5.970 47.068 -3.128 1
10.920 52.018 -3.128 1
10.920 47.068 1.822 1
5.970 52.018 1.822 1
5.970 47.068 6.771 0
10.920 52.018 6.771 0
10.920 47.068 11.721 0
5.970 52.018 11.721 0
5.970 47.068 16.671 0
10.920 52.018 16.671 0
10.920 47.068 21.621 0
5.970 52.018 21.621 0
5.970 47.068 26.570 0
10.920 52.018 26.570 0
10.920 47.068 31.520 0
5.970 52.018 31.520 0
5.970 47.068 36.470 0
10.920 52.018 36.470 0
10.920 47.068 41.420 0
5.970 52.018 41.420 0
5.970 47.068 46.369 0
5.970 56.967 -42.726 0
10.920 56.967 -37.776 0
5.970 61.917 -37.776 0
5.970 56.967 -32.827 1
10.920 61.917 -32.827 1
10.920 56.967 -27.877 1
5.970 61.917 -27.877 1
5.970 56.967 -22.927 1
10.920 61.917 -22.927 1
10.920 56.967 -17.977 1
5.970 61.917 -17.977 1
5.970 56.967 -13.028 1
10.920 61.917 -13.028 1
10.920 56.967 -8.078 1
5.970 61.917 -8.078 1
5.970 56.967 -3.128 1
10.920 61.917 -3.128 1
10.920 56.967 1.822 1
5.970 61.917 1.822 1
5.970 56.967 6.771 0
10.920 61.917 6.771 0
10.920 56.967 11.721 0
5.970 61.917 11.721 0
5.970 56.967 16.671 0
10.920 61.917 16.671 0
10.920 56.967 21.621 0
5.970 61.917 21.621 0
5.970 56.967 26.570 0
10.920 61.917 26.570 0
10.920 56.967 31.520 0
5.970 61.917 31.520 0
5.970 56.967 36.470 0
10.920 61.917 36.470 0
10.920 56.967 41.420 0
5.970 66.867 -32.827 1
10.920 66.867 -27.877 1
5.970 71.817 -27.877 1
5.970 66.867 -22.927 1
10.920 71.817 -22.927 1
10.920 66.867 -17.977 1
5.970 71.817 -17.977 1
5.970 66.867 -13.028 1
10.920 71.817 -13.028 1
10.920 66.867 -8.078 1
5.970 71.817 -8.078 1
5.970 66.867 -3.128 1
10.920 71.817 -3.128 0
10.920 66.867 1.822 0
5.970 71.817 1.822 0
5.970 66.867 6.771 0
10.920 71.817 6.771 0
10.920 66.867 11.721 0
5.970 71.817 11.721 0
5.970 66.867 16.671 0
10.920 71.817 16.671 0
10.920 66.867 21.621 0
5.970 71.817 21.621 0
5.970 66.867 26.570 0
10.920 71.817 26.570 0
10.920 66.867 31.520 0
5.970 71.817 31.520 0
5.970 66.867 36.470 0
5.970 76.766 -22.927 0
10.920 76.766 -17.977 0
5.970 81.716 -17.977 0
5.970 76.766 -13.028 0
10.920 81.716 -13.028 0
10.920 76.766 -8.078 0
5.970 81.716 -8.078 0
5.970 76.766 -3.128 0
10.920 81.716 -3.128 0
10.920 76.766 1.822 0
5.970 81.716 1.822 0
5.970 76.766 6.771 0
10.920 81.716 6.771 0
10.920 76.766 11.721 0
5.970 81.716 11.721 0
5.970 76.766 16.671 0
10.920 81.716 16.671 0
10.920 76.766 21.621 0
20.819 -76.676 -22.927 0
15.869 -76.676 -17.977 1
15.869 -81.626 -13.028 0
20.819 -76.676 -13.028 1
20.819 -81.626 -8.078 0
15.869 -76.676 -8.078 1
15.869 -81.626 -3.128 0
20.819 -76.676 -3.128 1
20.819 -81.626 1.822 0
15.869 -76.676 1.822 1
15.869 -81.626 6.771 0
20.819 -76.676 6.771 0
20.819 -81.626 11.721 0
15.869 -76.676 11.721 0
15.869 -81.626 16.671 0
20.819 -76.676 16.671 0
15.869 -76.676 21.621 0
20.819 -66.776 -32.827 1
20.819 -71.726 -27.877 1
15.869 -66.776 -27.877 1
15.869 -71.726 -22.927 1
20.819 -66.776 -22.927 1
20.819 -71.726 -17.977 1
15.869 -66.776 -17.977 1
15.869 -71.726 -13.028 1
20.819 -66.776 -13.028 1
20.819 -71.726 -8.078 1
15.869 -66.776 -8.078 1
15.869 -71.726 -3.128 1
20.819 -66.776 -3.128 1
20.819 -71.726 1.822 1
15.869 -66.776 1.822 1
15.869 -71.726 6.771 1
20.819 -66.776 6.771 1
20.819 -71.726 11.721 1
15.869 -66.776 11.721 1
15.869 -71.726 16.671 0
20.819 -66.776 16.671 1
20.819 -71.726 21.621 0
15.869 -66.776 21.621 0
15.869 -71.726 26.570 0
20.819 -66.776 26.570 0
15.869 -66.776 31.520 0
20.819 -61.827 -37.776 1
15.869 -56.877 -37.776 1
15.869 -61.827 -32.827 1
20.819 -56.877 -32.827 1
20.819 -61.827 -27.877 1
15.869 -56.877 -27.877 1
15.869 -61.827 -22.927 1
20.819 -56.877 -22.927 1
20.819 -61.827 -17.977 1
15.869 -56.877 -17.977 1
15.869 -61.827 -13.028 1
20.819 -56.877 -13.028 1
20.819 -61.827 -8.078 1
15.869 -56.877 -8.078 1
15.869 -61.827 -3.128 1
20.819 -56.877 -3.128 1
20.819 -61.827 1.822 1
15.869 -56.877 1.822 1
15.869 -61.827 6.771 1
20.819 -56.877 6.771 1
20.819 -61.827 11.721 1
15.869 -56.877 11.721 1
15.869 -61.827 16.671 1
20.819 -56.877 16.671 1
20.819 -61.827 21.621 1
15.869 -56.877 21.621 1
15.869 -61.827 26.570 0
20.819 -56.877 26.570 0
20.819 -61.827 31.520 0
15.869 -56.877 31.520 0
15.869 -61.827 36.470 0
20.819 -56.877 36.470 0
15.869 -56.877 41.420 0
15.869 -51.927 -42.726 1
20.819 -46.977 -42.726 1
20.819 -51.927 -37.776 1
15.869 -46.977 -37.776 1
15.869 -51.927 -32.827 1
20.819 -46.977 -32.827 1
20.819 -51.927 -27.877 1
15.869 -46.977 -27.877 1
15.869 -51.927 -22.927 1
20.819 -46.977 -22.927 1
20.819 -51.927 -17.977 1
15.869 -46.977 -17.977 1
15.869 -51.927 -13.028 1
20.819 -46.977 -13.028 1
20.819 -51.927 -8.078 1
15.869 -46.977 -8.078 1
15.869 -51.927 -3.128 1
20.819 -46.977 -3.128 1
20.819 -51.927 1.822 1
15.869 -46.977 1.822 1
15.869 -51.927 6.771 1
20.819 -46.977 6.771 1
20.819 -51.927 11.721 1
15.869 -46.977 11.721 1
15.869 -51.927 16.671 1
20.819 -46.977 16.671 1
20.819 -51.927 21.621 1
15.869 -46.977 21.621 1
15.869 -51.927 26.570 1
20.819 -46.977 26.570 1
20.819 -51.927 31.520 0
15.869 -46.977 31.520 0
15.869 -51.927 36.470 0
20.819 -46.977 36.470 0
20.819 -51.927 41.420 0
15.869 -46.977 41.420 0
20.819 -46.977 46.369 0
20.819 -42.028 -47.676 0
15.869 -37.078 -47.676 0
15.869 -42.028 -42.726 1
20.819 -37.078 -42.726 1
20.819 -42.028 -37.776 1
15.869 -37.078 -37.776 1
15.869 -42.028 -32.827 1
20.819 -37.078 -32.827 1
20.819 -42.028 -27.877 1
15.869 -37.078 -27.877 1
15.869 -42.028 -22.927 1
20.819 -37.078 -22.927 1
20.819 -42.028 -17.977 1
15.869 -37.078 -17.977 1
15.869 -42.028 -13.028 1
20.819 -37.078 -13.028 1
20.819 -42.028 -8.078 1
15.869 -37.078 -8.078 1
15.869 -42.028 -3.128 1
20.819 -37.078 -3.128 1
20.819 -42.028 1.822 1
15.869 -37.078 1.822 1
15.869 -42.028 6.771 1
20.819 -37.078 6.771 1
20.819 -42.028 11.721 1
15.869 -37.078 11.721 1
15.869 -42.028 16.671 1
20.819 -37.078 16.671 1
20.819 -42.028 21.621 1
15.869 -37.078 21.621 1
15.869 -42.028 26.570 1
20.819 -37.078 26.570 1
20.819 -42.028 31.520 0
15.869 -37.078 31.520 0
15.869 -42.028 36.470 0
20.819 -37.078 36.470 0
20.819 -42.028 41.420 0
15.869 -37.078 41.420 0
15.869 -42.028 46.369 0
20.819 -37.078 46.369 0
15.869 -32.128 -52.626 0
20.819 -27.178 -52.626 0
20.819 -32.128 -47.676 0
15.869 -27.178 -47.676 0
15.869 -32.128 -42.726 1
20.819 -27.178 -42.726 0
20.819 -32.128 -37.776 1
15.869 -27.178 -37.776 1
15.869 -32.128 -32.827 1
20.819 -27.178 -32.827 1
20.819 -32.128 -27.877 1
15.869 -27.178 -27.877 1
15.869 -32.128 -22.927 1
20.819 -27.178 -22.927 1
20.819 -32.128 -17.977 1
15.869 -27.178 -17.977 1
15.869 -32.128 -13.028 1
20.819 -27.178 -13.028 1
20.819 -32.128 -8.078 1
15.869 -27.178 -8.078 1
15.869 -32.128 -3.128 1
20.819 -27.178 -3.128 1
20.819 -32.128 1.822 1
15.869 -27.178 1.822 1
15.869 -32.128 6.771 1
20.819 -27.178 6.771 1
20.819 -32.128 11.721 1
15.869 -27.178 11.721 1
15.869 -32.128 16.671 1
20.819 -27.178 16.671 1
20.819 -32.128 21.621 1
15.869 -27.178 21.621 1
15.869 -32.128 26.570 1
20.819 -27.178 26.570 0
20.819 -32.128 31.520 0
15.869 -27.178 31.520 0
15.869 -32.128 36.470 0
20.819 -27.178 36.470 0
20.819 -32.128 41.420 0
15.869 -27.178 41.420 0
15.869 -32.128 46.369 0
20.819 -27.178 46.369 0
20.819 -32.128 51.319 0
15.869 -27.178 51.319 0
15.869 -22.229 -52.626 0
20.819 -17.279 -52.626 0
20.819 -22.229 -47.676 0
15.869 -17.279 -47.676 0
15.869 -22.229 -42.726 0
20.819 -17.279 -42.726 0
20.819 -22.229 -37.776 1
15.869 -17.279 -37.776 0
15.869 -22.229 -32.827 1
20.819 -17.279 -32.827 1
20.819 -22.229 -27.877 1
15.869 -17.279 -27.877 1
15.869 -22.229 -22.927 1
20.819 -17.279 -22.927 1
20.819 -22.229 -17.977 1
15.869 -17.279 -17.977 1
15.869 -22.229 -13.028 1
20.819 -17.279 -13.028 1
20.819 -22.229 -8.078 1
15.869 -17.279 -8.078 1
15.869 -22.229 -3.128 1
20.819 -17.279 -3.128 1
20.819 -22.229 1.822 1
15.869 -17.279 1.822 1
15.869 -22.229 6.771 1
20.819 -17.279 6.771 1
20.819 -22.229 11.721 1
15.869 -17.279 11.721 1
15.869 -22.229 16.671 1
20.819 -17.279 16.671 1
20.819 -22.229 21.621 1
15.869 -17.279 21.621 0
15.869 -22.229 26.570 0
20.819 -17.279 26.570 0
20.819 -22.229 31.520 0
15.869 -17.279 31.520 0
15.869 -22.229 36.470 0
20.819 -17.279 36.470 0
20.819 -22.229 41.420 0
15.869 -17.279 41.420 0
15.869 -22.229 46.369 0
20.819 -17.279 46.369 0
20.819 -22.229 51.319 0
15.869 -17.279 51.319 0
15.869 -12.329 -52.626 0
20.819 -7.379 -52.626 0
20.819 -12.329 -47.676 0
15.869 -7.379 -47.676 0
15.869 -12.329 -42.726 0
20.819 -7.379 -42.726 0
20.819 -12.329 -37.776 0
15.869 -7.379 -37.776 0
15.869 -12.329 -32.827 0
20.819 -7.379 -32.827 0
20.819 -12.329 -27.877 1
15.869 -7.379 -27.877 0
15.869 -12.329 -22.927 1
20.819 -7.379 -22.927 0
20.819 -12.329 -17.977 1
15.869 -7.379 -17.977 1
15.869 -12.329 -13.028 1
20.819 -7.379 -13.028 1
20.819 -12.329 -8.078 1
15.869 -7.379 -8.078 1
15.869 -12.329 -3.128 1
20.819 -7.379 -3.128 1
20.819 -12.329 1.822 1
15.869 -7.379 1.822 1
15.869 -12.329 6.771 1
20.819 -7.379 6.771 0
20.819 -12.329 11.721 1
15.869 -7.379 11.721 0
15.869 -12.329 16.671 0
20.819 -7.379 16.671 0
20.819 -12.329 21.621 0
15.869 -7.379 21.621 0
15.869 -12.329 26.570 0
20.819 -7.379 26.570 0
20.819 -12.329 31.520 0
15.869 -7.379 31.520 0
15.869 -12.329 36.470 0
20.819 -7.379 36.470 0
20.819 -12.329 41.420 0
15.869 -7.379 41.420 0
15.869 -12.329 46.369 0
20.819 -7.379 46.369 0
20.819 -12.329 51.319 0
15.869 -7.379 51.319 0
15.869 -2.430 -52.626 0
20.819 2.520 -52.626 0
20.819 -2.430 -47.676 0
15.869 2.520 -47.676 0
15.869 -2.430 -42.726 0
20.819 2.520 -42.726 0
20.819 -2.430 -37.776 0
15.869 2.520 -37.776 0
15.869 -2.430 -32.827 0
20.819 2.520 -32.827 0
20.819 -2.430 -27.877 0
15.869 2.520 -27.877 0
15.869 -2.430 -22.927 0
20.819 2.520 -22.927 0
20.819 -2.430 -17.977 0
15.869 2.520 -17.977 0
15.869 -2.430 -13.028 0
20.819 2.520 -13.028 0
20.819 -2.430 -8.078 0
15.869 2.520 -8.078 0
15.869 -2.430 -3.128 0
20.819 2.520 -3.128 0
20.819 -2.430 1.822 0
15.869 2.520 1.822 0
15.869 -2.430 6.771 0
20.819 2.520 6.771 0
20.819 -2.430 11.721 0
15.869 2.520 11.721 0
15.869 -2.430 16.671 0
20.819 2.520 16.671 0
20.819 -2.430 21.621 0
15.869 2.520 21.621 0
15.869 -2.430 26.570 0
20.819 2.520 26.570 0
20.819 -2.430 31.520 0
15.869 2.520 31.520 0
15.869 -2.430 36.470 0
20.819 2.520 36.470 0
20.819 -2.430 41.420 0
15.869 2.520 41.420 0
15.869 -2.430 46.369 0
20.819 2.520 46.369 0
20.819 -2.430 51.319 0
15.869 2.520 51.319 0
15.869 -2.430 56.269 0
15.869 7.470 -52.626 0
20.819 12.420 -52.626 0
20.819 7.470 -47.676 0
15.869 12.420 -47.676 0
15.869 7.470 -42.726 0
20.819 12.420 -42.726 0
20.819 7.470 -37.776 0
15.869 12.420 -37.776 0
15.869 7.470 -32.827 0
20.819 12.420 -32.827 0
20.819 7.470 -27.877 0
15.869 12.420 -27.877 0
15.869 7.470 -22.927 0
20.819 12.420 -22.927 0
20.819 7.470 -17.977 0
15.869 12.420 -17.977 0
15.869 7.470 -13.028 0
20.819 12.420 -13.028 0
20.819 7.470 -8.078 0
15.869 12.420 -8.078 0
15.869 7.470 -3.128 0
20.819 12.420 -3.128 1
20.819 7.470 1.822 0
15.869 12.420 1.822 0
15.869 7.470 6.771 0
20.819 12.420 6.771 0
20.819 7.470 11.721 0
15.869 12.420 11.721 0
15.869 7.470 16.671 0
20.819 12.420 16.671 0
20.819 7.470 21.621 0
15.869 12.420 21.621 0
15.869 7.470 26.570 0
20.819 12.420 26.570 0
20.819 7.470 31.520 0
15.869 12.420 31.520 0
15.869 7.470 36.470 0
20.819 12.420 36.470 0
20.819 7.470 41.420 0
15.869 12.420 41.420 0
15.869 7.470 46.369 0
20.819 12.420 46.369 0
20.819 7.470 51.319 0
15.869 12.420 51.319 0
15.869 7.470 56.269 0
15.869 17.369 -52.626 0
20.819 22.319 -52.626 0
20.819 17.369 -47.676 0
15.869 22.319 -47.676 0
15.869 17.369 -42.726 0
20.819 22.319 -42.726 0
20.819 17.369 -37.776 0
15.869 22.319 -37.776 0
15.869 17.369 -32.827 0
20.819 22.319 -32.827 0
20.819 17.369 -27.877 0
15.869 22.319 -27.877 0
15.869 17.369 -22.927 0
20.819 22.319 -22.927 0
20.819 17.369 -17.977 0
15.869 22.319 -17.977 0
15.869 17.369 -13.028 0
20.819 22.319 -13.028 1
20.819 17.369 -8.078 1
15.869 22.319 -8.078 0
15.869 17.369 -3.128 0
20.819 22.319 -3.128 1
20.819 17.369 1.822 1
15.869 22.319 1.822 0
15.869 17.369 6.771 0
20.819 22.319 6.771 1
20.819 17.369 11.721 0
15.869 22.319 11.721 0
15.869 17.369 16.671 0
20.819 22.319 16.671 0
20.819 17.369 21.621 0
15.869 22.319 21.621 0
15.869 17.369 26.570 0
20.819 22.319 26.570 0
20.819 17.369 31.520 0
15.869 22.319 31.520 0
15.869 17.369 36.470 0
20.819 22.319 36.470 0
20.819 17.369 41.420 0
15.869 22.319 41.420 0
15.869 17.369 46.369 0
20.819 22.319 46.369 0
20.819 17.369 51.319 0
15.869 22.319 51.319 0
15.869 27.269 -52.626 0
20.819 27.269 -47.676 0
15.869 32.219 -47.676 0
15.869 27.269 -42.726 0
20.819 32.219 -42.726 0
20.819 27.269 -37.776 0
15.869 32.219 -37.776 0
15.869 27.269 -32.827 0
20.819 32.219 -32.827 0
20.819 27.269 -27.877 0
15.869 32.219 -27.877 0
15.869 27.269 -22.927 0
20.819 32.219 -22.927 0
20.819 27.269 -17.977 0
15.869 32.219 -17.977 0
15.869 27.269 -13.028 0
20.819 32.219 -13.028 1
20.819 27.269 -8.078 1
15.869 32.219 -8.078 0
15.869 27.269 -3.128 0
20.819 32.219 -3.128 1
20.819 27.269 1.822 1
15.869 32.219 1.822 0
15.869 27.269 6.771 0
20.819 32.219 6.771 1
20.819 27.269 11.721 1
15.869 32.219 11.721 0
15.869 27.269 16.671 0
20.819 32.219 16.671 0
20.819 27.269 21.621 0
15.869 32.219 21.621 0
15.869 27.269 26.570 0
20.819 32.219 26.570 0
20.819 27.269 31.520 0
15.869 32.219 31.520 0
15.869 27.269 36.470 0
20.819 32.219 36.470 0
20.819 27.269 41.420 0
15.869 32.219 41.420 0
15.869 27.269 46.369 0
20.819 32.219 46.369 0
20.819 27.269 51.319 0
15.869 32.219 51.319 0
20.819 37.168 -47.676 0
15.869 42.118 -47.676 0
15.869 37.168 -42.726 0
20.819 42.118 -42.726 0
20.819 37.168 -37.776 0
15.869 42.118 -37.776 0
15.869 37.168 -32.827 0
20.819 42.118 -32.827 0
20.819 37.168 -27.877 0
15.869 42.118 -27.877 1
15.869 37.168 -22.927 0
20.819 42.118 -22.927 1
20.819 37.168 -17.977 0
15.869 42.118 -17.977 1
15.869 37.168 -13.028 1
20.819 42.118 -13.028 1
20.819 37.168 -8.078 1
15.869 42.118 -8.078 1
15.869 37.168 -3.128 0
20.819 42.118 -3.128 0
20.819 37.168 1.822 1
15.869 42.118 1.822 0
15.869 37.168 6.771 0
20.819 42.118 6.771 0
20.819 37.168 11.721 0
15.869 42.118 11.721 0
15.869 37.168 16.671 0
20.819 42.118 16.671 0
20.819 37.168 21.621 0
15.869 42.118 21.621 0
15.869 37.168 26.570 0
20.819 42.118 26.570 0
20.819 37.168 31.520 0
15.869 42.118 31.520 0
15.869 37.168 36.470 0
20.819 42.118 36.470 0
20.819 37.168 41.420 0
15.869 42.118 41.420 0
15.869 37.168 46.369 0
20.819 42.118 46.369 0
15.869 47.068 -42.726 0
20.819 52.018 -42.726 0
20.819 47.068 -37.776 0
15.869 52.018 -37.776 0
15.869 47.068 -32.827 1
20.819 52.018 -32.827 0
20.819 47.068 -27.877 1
15.869 52.018 -27.877 1
15.869 47.068 -22.927 1
20.819 52.018 -22.927 1
20.819 47.068 -17.977 1
15.869 52.018 -17.977 1
15.869 47.068 -13.028 1
20.819 52.018 -13.028 1
20.819 47.068 -8.078 1
15.869 52.018 -8.078 1
15.869 47.068 -3.128 1
20.819 52.018 -3.128 1
20.819 47.068 1.822 0
15.869 52.018 1.822 1
15.869 47.068 6.771 0
20.819 52.018 6.771 0
20.819 47.068 11.721 0
15.869 52.018 11.721 0
15.869 47.068 16.671 0
20.819 52.018 16.671 0
20.819 47.068 21.621 0
15.869 52.018 21.621 0
15.869 47.068 26.570 0
20.819 52.018 26.570 0
20.819 47.068 31.520 0
15.869 52.018 31.520 0
15.869 47.068 36.470 0
20.819 52.018 36.470 0
20.819 47.068 41.420 0
15.869 52.018 41.420 0
15.869 47.068 46.369 0
20.819 56.967 -37.776 0
15.869 61.917 -37.776 0
15.869 56.967 -32.827 1
20.819 61.917 -32.827 0
20.819 56.967 -27.877 1
15.869 61.917 -27.877 1
15.869 56.967 -22.927 1
20.819 61.917 -22.927 1
20.819 56.967 -17.977 1
15.869 61.917 -17.977 1
15.869 56.967 -13.028 1
20.819 61.917 -13.028 1
20.819 56.967 -8.078 1
15.869 61.917 -8.078 1
15.869 56.967 -3.128 1
20.819 61.917 -3.128 1
20.819 56.967 1.822 0
15.869 61.917 1.822 1
15.869 56.967 6.771 0
20.819 61.917 6.771 0
20.819 56.967 11.721 0
15.869 61.917 11.721 0
15.869 56.967 16.671 0
20.819 61.917 16.671 0
20.819 56.967 21.621 0
15.869 61.917 21.621 0
15.869 56.967 26.570 0
20.819 61.917 26.570 0
20.819 56.967 31.520 0
15.869 61.917 31.520 0
15.869 56.967 36.470 0
20.819 61.917 36.470 0
20.819 56.967 41.420 0
15.869 66.867 -32.827 0
20.819 66.867 -27.877 0
15.869 71.817 -27.877 0
15.869 66.867 -22.927 1
20.819 71.817 -22.927 0
20.819 66.867 -17.977 1
15.869 71.817 -17.977 1
15.869 66.867 -13.028 1
20.819 71.817 -13.028 0
20.819 66.867 -8.078 1
15.869 71.817 -8.078 1
15.869 66.867 -3.128 1
20.819 71.817 -3.128 0
20.819 66.867 1.822 0
15.869 71.817 1.822 0
15.869 66.867 6.771 0
20.819 71.817 6.771 0
20.819 66.867 11.721 0
15.869 71.817 11.721 0
15.869 66.867 16.671 0
20.819 71.817 16.671 0
20.819 66.867 21.621 0
15.869 71.817 21.621 0
15.869 66.867 26.570 0
20.819 71.817 26.570 0
20.819 66.867 31.520 0
15.869 76.766 -22.927 0
20.819 76.766 -17.977 0
15.869 76.766 -13.028 0
20.819 81.716 -13.028 0
20.819 76.766 -8.078 0
15.869 81.716 -8.078 0
15.869 76.766 -3.128 0
20.819 81.716 -3.128 0
20.819 76.766 1.822 0
15.869 81.716 1.822 0
15.869 76.766 6.771 0
20.819 81.716 6.771 0
20.819 76.766 11.721 0
15.869 81.716 11.721 0
15.869 76.766 16.671 0
20.819 76.766 21.621 0
25.769 -76.676 -17.977 0
30.719 -76.676 -13.028 0
25.769 -76.676 -8.078 1
25.769 -81.626 -3.128 0
30.719 -76.676 -3.128 0
25.769 -76.676 1.822 0
25.769 -81.626 6.771 0
30.719 -76.676 6.771 0
25.769 -76.676 11.721 0
30.719 -76.676 16.671 0
25.769 -66.776 -27.877 1
25.769 -71.726 -22.927 1
30.719 -66.776 -22.927 1
30.719 -71.726 -17.977 1
25.769 -66.776 -17.977 1
25.769 -71.726 -13.028 1
30.719 -66.776 -13.028 1
30.719 -71.726 -8.078 1
25.769 -66.776 -8.078 1
25.769 -71.726 -3.128 1
30.719 -66.776 -3.128 1
30.719 -71.726 1.822 1
25.769 -66.776 1.822 1
25.769 -71.726 6.771 1
30.719 -66.776 6.771 1
30.719 -71.726 11.721 0
25.769 -66.776 11.721 1
25.769 -71.726 16.671 0
30.719 -66.776 16.671 0
30.719 -71.726 21.621 0
25.769 -66.776 21.621 0
25.769 -71.726 26.570 0
30.719 -66.776 26.570 0
25.769 -66.776 31.520 0
25.769 -56.877 -37.776 1
25.769 -61.827 -32.827 1
30.719 -56.877 -32.827 1
30.719 -61.827 -27.877 1
25.769 -56.877 -27.877 1
25.769 -61.827 -22.927 1
30.719 -56.877 -22.927 1
30.719 -61.827 -17.977 1
25.769 -56.877 -17.977 1
25.769 -61.827 -13.028 1
30.719 -56.877 -13.028 1
30.719 -61.827 -8.078 1
25.769 -56.877 -8.078 1
25.769 -61.827 -3.128 1
30.719 -56.877 -3.128 1
30.719 -61.827 1.822 1
25.769 -56.877 1.822 1
25.769 -61.827 6.771 1
30.719 -56.877 6.771 1
30.719 -61.827 11.721 1
25.769 -56.877 11.721 1
25.769 -61.827 16.671 1
30.719 -56.877 16.671 1
30.719 -61.827 21.621 0
25.769 -56.877 21.621 1
25.769 -61.827 26.570 0
30.719 -56.877 26.570 0
30.719 -61.827 31.520 0
25.769 -56.877 31.520 0
25.769 -61.827 36.470 0
30.719 -56.877 36.470 0
25.769 -51.927 -42.726 0
30.719 -46.977 -42.726 0
30.719 -51.927 -37.776 1
25.769 -46.977 -37.776 1
25.769 -51.927 -32.827 1
30.719 -46.977 -32.827 1
30.719 -51.927 -27.877 1
25.769 -46.977 -27.877 1
25.769 -51.927 -22.927 1
30.719 -46.977 -22.927 1
30.719 -51.927 -17.977 1
25.769 -46.977 -17.977 1
25.769 -51.927 -13.028 1
30.719 -46.977 -13.028 1
30.719 -51.927 -8.078 1
25.769 -46.977 -8.078 1
25.769 -51.927 -3.128 1
30.719 -46.977 -3.128 1
30.719 -51.927 1.822 1
25.769 -46.977 1.822 1
25.769 -51.927 6.771 1
30.719 -46.977 6.771 1
30.719 -51.927 11.721 1
25.769 -46.977 11.721 1
25.769 -51.927 16.671 1
30.719 -46.977 16.671 1
30.719 -51.927 21.621 1
25.769 -46.977 21.621 1
25.769 -51.927 26.570 1
30.719 -46.977 26.570 0
30.719 -51.927 31.520 0
25.769 -46.977 31.520 0
25.769 -51.927 36.470 0
30.719 -46.977 36.470 0
30.719 -51.927 41.420 0
25.769 -46.977 41.420 0
25.769 -37.078 -47.676 0
25.769 -42.028 -42.726 1
30.719 -37.078 -42.726 0
30.719 -42.028 -37.776 1
25.769 -37.078 -37.776 1
25.769 -42.028 -32.827 1
30.719 -37.078 -32.827 1
30.719 -42.028 -27.877 1
25.769 -37.078 -27.877 1
25.769 -42.028 -22.927 1
30.719 -37.078 -22.927 1
30.719 -42.028 -17.977 1
25.769 -37.078 -17.977 1
25.769 -42.028 -13.028 1
30.719 -37.078 -13.028 1
30.719 -42.028 -8.078 1
25.769 -37.078 -8.078 1
25.769 -42.028 -3.128 1
30.719 -37.078 -3.128 1
30.719 -42.028 1.822 1
25.769 -37.078 1.822 1
25.769 -42.028 6.771 1
30.719 -37.078 6.771 1
30.719 -42.028 11.721 1
25.769 -37.078 11.721 1
25.769 -42.028 16.671 1
30.719 -37.078 16.671 1
30.719 -42.028 21.621 1
25.769 -37.078 21.621 1
25.769 -42.028 26.570 1
30.719 -37.078 26.570 0
30.719 -42.028 31.520 0
25.769 -37.078 31.520 0
25.769 -42.028 36.470 0
30.719 -37.078 36.470 0
30.719 -42.028 41.420 0
25.769 -37.078 41.420 0
25.769 -42.028 46.369 0
30.719 -37.078 46.369 0
30.719 -32.128 -47.676 0
25.769 -27.178 -47.676 0
25.769 -32.128 -42.726 0
30.719 -27.178 -42.726 0
30.719 -32.128 -37.776 1
25.769 -27.178 -37.776 1
25.769 -32.128 -32.827 1
30.719 -27.178 -32.827 1
30.719 -32.128 -27.877 1
25.769 -27.178 -27.877 1
25.769 -32.128 -22.927 1
30.719 -27.178 -22.927 1
30.719 -32.128 -17.977 1
25.769 -27.178 -17.977 1
25.769 -32.128 -13.028 1
30.719 -27.178 -13.028 1
30.719 -32.128 -8.078 1
25.769 -27.178 -8.078 1
25.769 -32.128 -3.128 1
30.719 -27.178 -3.128 1
30.719 -32.128 1.822 1
25.769 -27.178 1.822 1
25.769 -32.128 6.771 1
30.719 -27.178 6.771 1
30.719 -32.128 11.721 1
25.769 -27.178 11.721 1
25.769 -32.128 16.671 1
30.719 -27.178 16.671 1
30.719 -32.128 21.621 1
25.769 -27.178 21.621 1
25.769 -32.128 26.570 1
30.719 -27.178 26.570 0
30.719 -32.128 31.520 0
25.769 -27.178 31.520 0
25.769 -32.128 36.470 0
30.719 -27.178 36.470 0
30.719 -32.128 41.420 0
25.769 -27.178 41.420 0
25.769 -32.128 46.369 0
30.719 -27.178 46.369 0
25.769 -27.178 51.319 0
25.769 -22.229 -52.626 0
30.719 -17.279 -52.626 0
30.719 -22.229 -47.676 0
25.769 -17.279 -47.676 0
25.769 -22.229 -42.726 0
30.719 -17.279 -42.726 0
30.719 -22.229 -37.776 0
25.769 -17.279 -37.776 0
25.769 -22.229 -32.827 1
30.719 -17.279 -32.827 0
30.719 -22.229 -27.877 1
25.769 -17.279 -27.877 1
25.769 -22.229 -22.927 1
30.719 -17.279 -22.927 1
30.719 -22.229 -17.977 1
25.769 -17.279 -17.977 1
25.769 -22.229 -13.028 1
30.719 -17.279 -13.028 1
30.719 -22.229 -8.078 1
25.769 -17.279 -8.078 1
25.769 -22.229 -3.128 1
30.719 -17.279 -3.128 1
30.719 -22.229 1.822 1
25.769 -17.279 1.822 1
25.769 -22.229 6.771 1
30.719 -17.279 6.771 1
30.719 -22.229 11.721 1
25.769 -17.279 11.721 1
25.769 -22.229 16.671 1
30.719 -17.279 16.671 0
30.719 -22.229 21.621 0
25.769 -17.279 21.621 0
25.769 -22.229 26.570 0
30.719 -17.279 26.570 0
30.719 -22.229 31.520 0
25.769 -17.279 31.520 0
25.769 -22.229 36.470 0
30.719 -17.279 36.470 0
30.719 -22.229 41.420 0
25.769 -17.279 41.420 0
25.769 -22.229 46.369 0
30.719 -17.279 46.369 0
30.719 -22.229 51.319 0
25.769 -17.279 51.319 0
25.769 -12.329 -52.626 0
30.719 -7.379 -52.626 0
30.719 -12.329 -47.676 0
25.769 -7.379 -47.676 0
25.769 -12.329 -42.726 0
30.719 -7.379 -42.726 0
30.719 -12.329 -37.776 0
25.769 -7.379 -37.776 0
25.769 -12.329 -32.827 0
30.719 -7.379 -32.827 0
30.719 -12.329 -27.877 0
25.769 -7.379 -27.877 0
25.769 -12.329 -22.927 1
30.719 -7.379 -22.927 0
30.719 -12.329 -17.977 1
25.769 -7.379 -17.977 0
25.769 -12.329 -13.028 1
30.719 -7.379 -13.028 0
30.719 -12.329 -8.078 1
25.769 -7.379 -8.078 1
25.769 -12.329 -3.128 1
30.719 -7.379 -3.128 0
30.719 -12.329 1.822 1
25.769 -7.379 1.822 1
25.769 -12.329 6.771 1
30.719 -7.379 6.771 0
30.719 -12.329 11.721 0
25.769 -7.379 11.721 0
25.769 -12.329 16.671 0
30.719 -7.379 16.671 0
30.719 -12.329 21.621 0
25.769 -7.379 21.621 0
25.769 -12.329 26.570 0
30.719 -7.379 26.570 0
30.719 -12.329 31.520 0
25.769 -7.379 31.520 0
25.769 -12.329 36.470 0
30.719 -7.379 36.470 0
30.719 -12.329 41.420 0
25.769 -7.379 41.420 0
25.769 -12.329 46.369 0
30.719 -7.379 46.369 0
30.719 -12.329 51.319 0
25.769 -7.379 51.319 0
25.769 -2.430 -52.626 0
30.719 2.520 -52.626 0
30.719 -2.430 -47.676 0
25.769 2.520 -47.676 0
25.769 -2.430 -42.726 0
30.719 2.520 -42.726 0
30.719 -2.430 -37.776 0
25.769 2.520 -37.776 0
25.769 -2.430 -32.827 0
30.719 2.520 -32.827 0
30.719 -2.430 -27.877 0
25.769 2.520 -27.877 0
25.769 -2.430 -22.927 0
30.719 2.520 -22.927 0
30.719 -2.430 -17.977 0
25.769 2.520 -17.977 0
25.769 -2.430 -13.028 0
30.719 2.520 -13.028 0
30.719 -2.430 -8.078 0
25.769 2.520 -8.078 0
25.769 -2.430 -3.128 0
30.719 2.520 -3.128 0
30.719 -2.430 1.822 0
25.769 2.520 1.822 0
25.769 -2.430 6.771 0
30.719 2.520 6.771 0
30.719 -2.430 11.721 0
25.769 2.520 11.721 0
25.769 -2.430 16.671 0
30.719 2.520 16.671 0
30.719 -2.430 21.621 0
25.769 2.520 21.621 0
25.769 -2.430 26.570 0
30.719 2.520 26.570 0
30.719 -2.430 31.520 0
25.769 2.520 31.520 0
25.769 -2.430 36.470 0
30.719 2.520 36.470 0
30.719 -2.430 41.420 0
25.769 2.520 41.420 0
25.769 -2.430 46.369 0
30.719 2.520 46.369 0
30.719 -2.430 51.319 0
25.769 2.520 51.319 0
25.769 7.470 -52.626 0
30.719 12.420 -52.626 0
30.719 7.470 -47.676 0
25.769 12.420 -47.676 0
25.769 7.470 -42.726 0
30.719 12.420 -42.726 0
30.719 7.470 -37.776 0
25.769 12.420 -37.776 0
25.769 7.470 -32.827 0
30.719 12.420 -32.827 0
30.719 7.470 -27.877 0
25.769 12.420 -27.877 0
25.769 7.470 -22.927 0
30.719 12.420 -22.927 0
30.719 7.470 -17.977 0
25.769 12.420 -17.977 0
25.769 7.470 -13.028 0
30.719 12.420 -13.028 1
30.719 7.470 -8.078 1
25.769 12.420 -8.078 1
25.769 7.470 -3.128 1
30.719 12.420 -3.128 1
30.719 7.470 1.822 1
25.769 12.420 1.822 1
25.769 7.470 6.771 0
30.719 12.420 6.771 1
30.719 7.470 11.721 1
25.769 12.420 11.721 1
25.769 7.470 16.671 0
30.719 12.420 16.671 1
30.719 7.470 21.621 0
25.769 12.420 21.621 0
25.769 7.470 26.570 0
30.719 12.420 26.570 0
30.719 7.470 31.520 0
25.769 12.420 31.520 0
25.769 7.470 36.470 0
30.719 12.420 36.470 0
30.719 7.470 41.420 0
25.769 12.420 41.420 0
25.769 7.470 46.369 0
30.719 12.420 46.369 0
30.719 7.470 51.319 0
25.769 12.420 51.319 0
25.769 17.369 -52.626 0
30.719 17.369 -47.676 0
25.769 22.319 -47.676 0
25.769 17.369 -42.726 0
30.719 22.319 -42.726 0
30.719 17.369 -37.776 0
25.769 22.319 -37.776 0
25.769 17.369 -32.827 0
30.719 22.319 -32.827 0
30.719 17.369 -27.877 0
25.769 22.319 -27.877 0
25.769 17.369 -22.927 0
30.719 22.319 -22.927 1
30.719 17.369 -17.977 1
25.769 22.319 -17.977 1
25.769 17.369 -13.028 1
30.719 22.319 -13.028 1
30.719 17.369 -8.078 1
25.769 22.319 -8.078 1
25.769 17.369 -3.128 1
30.719 22.319 -3.128 1
30.719 17.369 1.822 1
25.769 22.319 1.822 1
25.769 17.369 6.771 1
30.719 22.319 6.771 1
30.719 17.369 11.721 1
25.769 22.319 11.721 1
25.769 17.369 16.671 1
30.719 22.319 16.671 1
30.719 17.369 21.621 0
25.769 22.319 21.621 0
25.769 17.369 26.570 0
30.719 22.319 26.570 0
30.719 17.369 31.520 0
25.769 22.319 31.520 0
25.769 17.369 36.470 0
30.719 22.319 36.470 0
30.719 17.369 41.420 0
25.769 22.319 41.420 0
25.769 17.369 46.369 0
30.719 22.319 46.369 0
30.719 17.369 51.319 0
25.769 22.319 51.319 0
30.719 27.269 -47.676 0
25.769 32.219 -47.676 0
25.769 27.269 -42.726 0
30.719 32.219 -42.726 0
30.719 27.269 -37.776 0
25.769 32.219 -37.776 0
25.769 27.269 -32.827 0
30.719 32.219 -32.827 0
30.719 27.269 -27.877 0
25.769 32.219 -27.877 0
25.769 27.269 -22.927 0
30.719 32.219 -22.927 0
30.719 27.269 -17.977 1
25.769 32.219 -17.977 1
25.769 27.269 -13.028 1
30.719 32.219 -13.028 1
30.719 27.269 -8.078 1
25.769 32.219 -8.078 1
25.769 27.269 -3.128 1
30.719 32.219 -3.128 1
30.719 27.269 1.822 1
25.769 32.219 1.822 1
25.769 27.269 6.771 1
30.719 32.219 6.771 1
30.719 27.269 11.721 1
25.769 32.219 11.721 1
25.769 27.269 16.671 1
30.719 32.219 16.671 1
30.719 27.269 21.621 1
25.769 32.219 21.621 0
25.769 27.269 26.570 0
30.719 32.219 26.570 0
30.719 27.269 31.520 0
25.769 32.219 31.520 0
25.769 27.269 36.470 0
30.719 32.219 36.470 0
30.719 27.269 41.420 0
25.769 32.219 41.420 0
25.769 27.269 46.369 0
30.719 32.219 46.369 0
30.719 37.168 -47.676 0
25.769 42.118 -47.676 0
25.769 37.168 -42.726 0
30.719 42.118 -42.726 0
30.719 37.168 -37.776 0
25.769 42.118 -37.776 0
25.769 37.168 -32.827 0
30.719 42.118 -32.827 0
30.719 37.168 -27.877 0
25.769 42.118 -27.877 0
25.769 37.168 -22.927 0
30.719 42.118 -22.927 0
30.719 37.168 -17.977 1
25.769 42.118 -17.977 0
25.769 37.168 -13.028 1
30.719 42.118 -13.028 1
30.719 37.168 -8.078 1
25.769 42.118 -8.078 1
25.769 37.168 -3.128 1
30.719 42.118 -3.128 1
30.719 37.168 1.822 1
25.769 42.118 1.822 1
25.769 37.168 6.771 1
30.719 42.118 6.771 1
30.719 37.168 11.721 1
25.769 42.118 11.721 0
25.769 37.168 16.671 0
30.719 42.118 16.671 0
30.719 37.168 21.621 0
25.769 42.118 21.621 0
25.769 37.168 26.570 0
30.719 42.118 26.570 0
30.719 37.168 31.520 0
25.769 42.118 31.520 0
25.769 37.168 36.470 0
30.719 42.118 36.470 0
30.719 37.168 41.420 0
25.769 42.118 41.420 0
25.769 37.168 46.369 0
30.719 42.118 46.369 0
25.769 47.068 -42.726 0
30.719 47.068 -37.776 0
25.769 52.018 -37.776 0
25.769 47.068 -32.827 0
30.719 52.018 -32.827 0
30.719 47.068 -27.877 0
25.769 52.018 -27.877 0
25.769 47.068 -22.927 0
30.719 52.018 -22.927 0
30.719 47.068 -17.977 0
25.769 52.018 -17.977 1
25.769 47.068 -13.028 1
30.719 52.018 -13.028 0
30.719 47.068 -8.078 1
25.769 52.018 -8.078 1
25.769 47.068 -3.128 0
30.719 52.018 -3.128 0
30.719 47.068 1.822 1
25.769 52.018 1.822 0
25.769 47.068 6.771 0
30.719 52.018 6.771 0
30.719 47.068 11.721 0
25.769 52.018 11.721 0
25.769 47.068 16.671 0
30.719 52.018 16.671 0
30.719 47.068 21.621 0
25.769 52.018 21.621 0
25.769 47.068 26.570 0
30.719 52.018 26.570 0
30.719 47.068 31.520 0
25.769 52.018 31.520 0
25.769 47.068 36.470 0
30.719 52.018 36.470 0
30.719 47.068 41.420 0
25.769 52.018 41.420 0
30.719 56.967 -37.776 0
25.769 56.967 -32.827 0
30.719 61.917 -32.827 0
30.719 56.967 -27.877 0
25.769 61.917 -27.877 0
25.769 56.967 -22.927 1
30.719 61.917 -22.927 0
30.719 56.967 -17.977 0
25.769 61.917 -17.977 1
25.769 56.967 -13.028 1
30.719 61.917 -13.028 0
30.719 56.967 -8.078 0
25.769 61.917 -8.078 0
25.769 56.967 -3.128 0
30.719 61.917 -3.128 0
30.719 56.967 1.822 0
25.769 61.917 1.822 0
25.769 56.967 6.771 0
30.719 61.917 6.771 0
30.719 56.967 11.721 0
25.769 61.917 11.721 0
25.769 56.967 16.671 0
30.719 61.917 16.671 0
30.719 56.967 21.621 0
25.769 61.917 21.621 0
25.769 56.967 26.570 0
30.719 61.917 26.570 0
30.719 56.967 31.520 0
25.769 61.917 31.520 0
25.769 56.967 36.470 0
30.719 66.867 -27.877 0
25.769 66.867 -22.927 0
30.719 71.817 -22.927 0
30.719 66.867 -17.977 0
25.769 71.817 -17.977 0
25.769 66.867 -13.028 0
30.719 71.817 -13.028 0
30.719 66.867 -8.078 0
25.769 71.817 -8.078 0
25.769 66.867 -3.128 0
30.719 71.817 -3.128 0
30.719 66.867 1.822 0
25.769 71.817 1.822 0
25.769 66.867 6.771 0
30.719 71.817 6.771 0
30.719 66.867 11.721 0
25.769 71.817 11.721 0
25.769 66.867 16.671 0
30.719 71.817 16.671 0
30.719 66.867 21.621 0
25.769 71.817 21.621 0
25.769 66.867 26.570 0
25.769 76.766 -13.028 0
30.719 76.766 -8.078 0
25.769 81.716 -8.078 0
25.769 76.766 -3.128 0
30.719 76.766 1.822 0
25.769 81.716 1.822 0
25.769 76.766 6.771 0
30.719 76.766 11.721 0
25.769 76.766 16.671 0
35.668 -76.676 -8.078 0
40.618 -76.676 -3.128 0
35.668 -76.676 1.822 0
35.668 -76.676 11.721 0
35.668 -66.776 -27.877 0
40.618 -66.776 -22.927 0
40.618 -71.726 -17.977 0
35.668 -66.776 -17.977 1
35.668 -71.726 -13.028 1
40.618 -66.776 -13.028 1
40.618 -71.726 -8.078 0
35.668 -66.776 -8.078 1
35.668 -71.726 -3.128 1
40.618 -66.776 -3.128 1
40.618 -71.726 1.822 0
35.668 -66.776 1.822 1
35.668 -71.726 6.771 0
40.618 -66.776 6.771 0
40.618 -71.726 11.721 0
35.668 -66.776 11.721 0
35.668 -71.726 16.671 0
40.618 -66.776 16.671 0
35.668 -66.776 21.621 0
35.668 -61.827 -32.827 0
40.618 -56.877 -32.827 0
40.618 -61.827 -27.877 0
35.668 -56.877 -27.877 1
35.668 -61.827 -22.927 1
40.618 -56.877 -22.927 1
40.618 -61.827 -17.977 1
35.668 -56.877 -17.977 1
35.668 -61.827 -13.028 1
40.618 -56.877 -13.028 1
40.618 -61.827 -8.078 1
35.668 -56.877 -8.078 1
35.668 -61.827 -3.128 1
40.618 -56.877 -3.128 1
40.618 -61.827 1.822 1
35.668 -56.877 1.822 1
35.668 -61.827 6.771 1
40.618 -56.877 6.771 1
40.618 -61.827 11.721 0
35.668 -56.877 11.721 1
35.668 -61.827 16.671 0
40.618 -56.877 16.671 0
40.618 -61.827 21.621 0
35.668 -56.877 21.621 0
35.668 -61.827 26.570 0
40.618 -56.877 26.570 0
35.668 -56.877 31.520 0
40.618 -51.927 -37.776 0
35.668 -46.977 -37.776 1
35.668 -51.927 -32.827 1
40.618 -46.977 -32.827 1
40.618 -51.927 -27.877 1
35.668 -46.977 -27.877 1
35.668 -51.927 -22.927 1
40.618 -46.977 -22.927 1
40.618 -51.927 -17.977 1
35.668 -46.977 -17.977 1
35.668 -51.927 -13.028 1
40.618 -46.977 -13.028 1
40.618 -51.927 -8.078 1
35.668 -46.977 -8.078 1
35.668 -51.927 -3.128 1
40.618 -46.977 -3.128 1
40.618 -51.927 1.822 1
35.668 -46.977 1.822 1
35.668 -51.927 6.771 1
40.618 -46.977 6.771 1
40.618 -51.927 11.721 1
35.668 -46.977 11.721 1
35.668 -51.927 16.671 1
40.618 -46.977 16.671 1
40.618 -51.927 21.621 0
35.668 -46.977 21.621 1
35.668 -51.927 26.570 0
40.618 -46.977 26.570 0
40.618 -51.927 31.520 0
35.668 -46.977 31.520 0
35.668 -51.927 36.470 0
40.618 -46.977 36.470 0
35.668 -46.977 41.420 0
35.668 -42.028 -42.726 0
40.618 -37.078 -42.726 0
40.618 -42.028 -37.776 0
35.668 -37.078 -37.776 1
35.668 -42.028 -32.827 1
40.618 -37.078 -32.827 1
40.618 -42.028 -27.877 1
35.668 -37.078 -27.877 1
35.668 -42.028 -22.927 1
40.618 -37.078 -22.927 1
40.618 -42.028 -17.977 1
35.668 -37.078 -17.977 1
35.668 -42.028 -13.028 1
40.618 -37.078 -13.028 1
40.618 -42.028 -8.078 1
35.668 -37.078 -8.078 1
35.668 -42.028 -3.128 1
40.618 -37.078 -3.128 1
40.618 -42.028 1.822 1
35.668 -37.078 1.822 1
35.668 -42.028 6.771 1
40.618 -37.078 6.771 1
40.618 -42.028 11.721 1
35.668 -37.078 11.721 1
35.668 -42.028 16.671 1
40.618 -37.078 16.671 1
40.618 -42.028 21.621 0
35.668 -37.078 21.621 1
35.668 -42.028 26.570 0
40.618 -37.078 26.570 0
40.618 -42.028 31.520 0
35.668 -37.078 31.520 0
35.668 -42.028 36.470 0
40.618 -37.078 36.470 0
40.618 -42.028 41.420 0
35.668 -37.078 41.420 0
35.668 -27.178 -47.676 0
35.668 -32.128 -42.726 0
40.618 -27.178 -42.726 0
40.618 -32.128 -37.776 0
35.668 -27.178 -37.776 0
35.668 -32.128 -32.827 1
40.618 -27.178 -32.827 0
40.618 -32.128 -27.877 1
35.668 -27.178 -27.877 1
35.668 -32.128 -22.927 1
40.618 -27.178 -22.927 1
40.618 -32.128 -17.977 1
35.668 -27.178 -17.977 1
35.668 -32.128 -13.028 1
40.618 -27.178 -13.028 1
40.618 -32.128 -8.078 1
35.668 -27.178 -8.078 1
35.668 -32.128 -3.128 1
40.618 -27.178 -3.128 1
40.618 -32.128 1.822 1
35.668 -27.178 1.822 1
35.668 -32.128 6.771 1
40.618 -27.178 6.771 1
40.618 -32.128 11.721 1
35.668 -27.178 11.721 1
35.668 -32.128 16.671 1
40.618 -27.178 16.671 0
40.618 -32.128 21.621 0
35.668 -27.178 21.621 0
35.668 -32.128 26.570 0
40.618 -27.178 26.570 0
40.618 -32.128 31.520 0
35.668 -27.178 31.520 0
35.668 -32.128 36.470 0
40.618 -27.178 36.470 0
40.618 -32.128 41.420 0
35.668 -27.178 41.420 0
35.668 -32.128 46.369 0
40.618 -27.178 46.369 0
40.618 -22.229 -47.676 0
35.668 -17.279 -47.676 0
35.668 -22.229 -42.726 0
40.618 -17.279 -42.726 0
40.618 -22.229 -37.776 0
35.668 -17.279 -37.776 0
35.668 -22.229 -32.827 0
40.618 -17.279 -32.827 0
40.618 -22.229 -27.877 0
35.668 -17.279 -27.877 0
35.668 -22.229 -22.927 1
40.618 -17.279 -22.927 0
40.618 -22.229 -17.977 1
35.668 -17.279 -17.977 1
35.668 -22.229 -13.028 1
40.618 -17.279 -13.028 1
40.618 -22.229 -8.078 1
35.668 -17.279 -8.078 1
35.668 -22.229 -3.128 1
40.618 -17.279 -3.128 1
40.618 -22.229 1.822 1
35.668 -17.279 1.822 1
35.668 -22.229 6.771 1
40.618 -17.279 6.771 0
40.618 -22.229 11.721 0
35.668 -17.279 11.721 0
35.668 -22.229 16.671 0
40.618 -17.279 16.671 0
40.618 -22.229 21.621 0
35.668 -17.279 21.621 0
35.668 -22.229 26.570 0
40.618 -17.279 26.570 0
40.618 -22.229 31.520 0
35.668 -17.279 31.520 0
35.668 -22.229 36.470 0
40.618 -17.279 36.470 0
40.618 -22.229 41.420 0
35.668 -17.279 41.420 0
35.668 -22.229 46.369 0
40.618 -17.279 46.369 0
35.668 -17.279 51.319 0
40.618 -12.329 -47.676 0
35.668 -7.379 -47.676 0
35.668 -12.329 -42.726 0
40.618 -7.379 -42.726 0
40.618 -12.329 -37.776 0
35.668 -7.379 -37.776 0
35.668 -12.329 -32.827 0
40.618 -7.379 -32.827 0
40.618 -12.329 -27.877 0
35.668 -7.379 -27.877 0
35.668 -12.329 -22.927 0
40.618 -7.379 -22.927 0
40.618 -12.329 -17.977 0
35.668 -7.379 -17.977 0
35.668 -12.329 -13.028 1
40.618 -7.379 -13.028 0
40.618 -12.329 -8.078 0
35.668 -7.379 -8.078 0
35.668 -12.329 -3.128 1
40.618 -7.379 -3.128 0
40.618 -12.329 1.822 0
35.668 -7.379 1.822 0
35.668 -12.329 6.771 0
40.618 -7.379 6.771 0
40.618 -12.329 11.721 0
35.668 -7.379 11.721 0
35.668 -12.329 16.671 0
40.618 -7.379 16.671 0
40.618 -12.329 21.621 0
35.668 -7.379 21.621 0
35.668 -12.329 26.570 0
40.618 -7.379 26.570 0
40.618 -12.329 31.520 0
35.668 -7.379 31.520 0
35.668 -12.329 36.470 0
40.618 -7.379 36.470 0
40.618 -12.329 41.420 0
35.668 -7.379 41.420 0
35.668 -12.329 46.369 0
40.618 -7.379 46.369 0
35.668 -7.379 51.319 0
35.668 -2.430 -52.626 0
40.618 -2.430 -47.676 0
35.668 2.520 -47.676 0
35.668 -2.430 -42.726 0
40.618 2.520 -42.726 0
40.618 -2.430 -37.776 0
35.668 2.520 -37.776 0
35.668 -2.430 -32.827 0
40.618 2.520 -32.827 0
40.618 -2.430 -27.877 0
35.668 2.520 -27.877 0
35.668 -2.430 -22.927 0
40.618 2.520 -22.927 0
40.618 -2.430 -17.977 0
35.668 2.520 -17.977 0
35.668 -2.430 -13.028 0
40.618 2.520 -13.028 0
40.618 -2.430 -8.078 0
35.668 2.520 -8.078 1
35.668 -2.430 -3.128 0
40.618 2.520 -3.128 1
40.618 -2.430 1.822 0
35.668 2.520 1.822 1
35.668 -2.430 6.771 0
40.618 2.520 6.771 1
40.618 -2.430 11.721 0
35.668 2.520 11.721 0
35.668 -2.430 16.671 0
40.618 2.520 16.671 0
40.618 -2.430 21.621 0
35.668 2.520 21.621 0
35.668 -2.430 26.570 0
40.618 2.520 26.570 0
40.618 -2.430 31.520 0
35.668 2.520 31.520 0
35.668 -2.430 36.470 0
40.618 2.520 36.470 0
40.618 -2.430 41.420 0
35.668 2.520 41.420 0
35.668 -2.430 46.369 0
40.618 2.520 46.369 0
35.668 2.520 51.319 0
35.668 7.470 -52.626 0
40.618 7.470 -47.676 0
35.668 12.420 -47.676 0
35.668 7.470 -42.726 0
40.618 12.420 -42.726 0
40.618 7.470 -37.776 0
35.668 12.420 -37.776 0
35.668 7.470 -32.827 0
40.618 12.420 -32.827 0
40.618 7.470 -27.877 0
35.668 12.420 -27.877 0
35.668 7.470 -22.927 0
40.618 12.420 -22.927 0
40.618 7.470 -17.977 1
35.668 12.420 -17.977 1
35.668 7.470 -13.028 1
40.618 12.420 -13.028 1
40.618 7.470 -8.078 1
35.668 12.420 -8.078 1
35.668 7.470 -3.128 1
40.618 12.420 -3.128 1
40.618 7.470 1.822 1
35.668 12.420 1.822 1
35.668 7.470 6.771 1
40.618 12.420 6.771 1
40.618 7.470 11.721 1
35.668 12.420 11.721 1
35.668 7.470 16.671 0
40.618 12.420 16.671 1
40.618 7.470 21.621 0
35.668 12.420 21.621 0
35.668 7.470 26.570 0
40.618 12.420 26.570 0
40.618 7.470 31.520 0
35.668 12.420 31.520 0
35.668 7.470 36.470 0
40.618 12.420 36.470 0
40.618 7.470 41.420 0
35.668 12.420 41.420 0
35.668 7.470 46.369 0
40.618 12.420 46.369 0
35.668 12.420 51.319 0
40.618 17.369 -47.676 0
35.668 22.319 -47.676 0
35.668 17.369 -42.726 0
40.618 22.319 -42.726 0
40.618 17.369 -37.776 0
35.668 22.319 -37.776 0
35.668 17.369 -32.827 0
40.618 22.319 -32.827 0
40.618 17.369 -27.877 0
35.668 22.319 -27.877 0
35.668 17.369 -22.927 1
40.618 22.319 -22.927 1
40.618 17.369 -17.977 1
35.668 22.319 -17.977 1
35.668 17.369 -13.028 1
40.618 22.319 -13.028 1
40.618 17.369 -8.078 1
35.668 22.319 -8.078 1
35.668 17.369 -3.128 1
40.618 22.319 -3.128 1
40.618 17.369 1.822 1
35.668 22.319 1.822 1
35.668 17.369 6.771 1
40.618 22.319 6.771 1
40.618 17.369 11.721 1
35.668 22.319 11.721 1
35.668 17.369 16.671 1
40.618 22.319 16.671 1
40.618 17.369 21.621 1
35.668 22.319 21.621 1
35.668 17.369 26.570 0
40.618 22.319 26.570 0
40.618 17.369 31.520 0
35.668 22.319 31.520 0
35.668 17.369 36.470 0
40.618 22.319 36.470 0
40.618 17.369 41.420 0
35.668 22.319 41.420 0
35.668 17.369 46.369 0
40.618 22.319 46.369 0
40.618 27.269 -47.676 0
35.668 32.219 -47.676 0
35.668 27.269 -42.726 0
40.618 32.219 -42.726 0
40.618 27.269 -37.776 0
35.668 32.219 -37.776 0
35.668 27.269 -32.827 0
40.618 32.219 -32.827 0
40.618 27.269 -27.877 0
35.668 32.219 -27.877 0
35.668 27.269 -22.927 1
40.618 32.219 -22.927 1
40.618 27.269 -17.977 1
35.668 32.219 -17.977 1
35.668 27.269 -13.028 1
40.618 32.219 -13.028 1
40.618 27.269 -8.078 1
35.668 32.219 -8.078 1
35.668 27.269 -3.128 1
40.618 32.219 -3.128 1
40.618 27.269 1.822 1
35.668 32.219 1.822 1
35.668 27.269 6.771 1
40.618 32.219 6.771 1
40.618 27.269 11.721 1
35.668 32.219 11.721 1
35.668 27.269 16.671 1
40.618 32.219 16.671 1
40.618 27.269 21.621 1
35.668 32.219 21.621 1
35.668 27.269 26.570 0
40.618 32.219 26.570 0
40.618 27.269 31.520 0
35.668 32.219 31.520 0
35.668 27.269 36.470 0
40.618 32.219 36.470 0
40.618 27.269 41.420 0
35.668 32.219 41.420 0
35.668 27.269 46.369 0
40.618 32.219 46.369 0
35.668 37.168 -42.726 0
40.618 42.118 -42.726 0
40.618 37.168 -37.776 0
35.668 42.118 -37.776 0
35.668 37.168 -32.827 0
40.618 42.118 -32.827 0
40.618 37.168 -27.877 0
35.668 42.118 -27.877 0
35.668 37.168 -22.927 0
40.618 42.118 -22.927 0
40.618 37.168 -17.977 1
35.668 42.118 -17.977 1
35.668 37.168 -13.028 1
40.618 42.118 -13.028 1
40.618 37.168 -8.078 1
35.668 42.118 -8.078 1
35.668 37.168 -3.128 1
40.618 42.118 -3.128 1
40.618 37.168 1.822 1
35.668 42.118 1.822 1
35.668 37.168 6.771 1
40.618 42.118 6.771 1
40.618 37.168 11.721 1
35.668 42.118 11.721 1
35.668 37.168 16.671 1
40.618 42.118 16.671 1
40.618 37.168 21.621 1
35.668 42.118 21.621 0
35.668 37.168 26.570 0
40.618 42.118 26.570 0
40.618 37.168 31.520 0
35.668 42.118 31.520 0
35.668 37.168 36.470 0
40.618 42.118 36.470 0
40.618 37.168 41.420 0
35.668 42.118 41.420 0
35.668 37.168 46.369 0
40.618 47.068 -37.776 0
35.668 52.018 -37.776 0
35.668 47.068 -32.827 0
40.618 52.018 -32.827 0
40.618 47.068 -27.877 0
35.668 52.018 -27.877 0
35.668 47.068 -22.927 0
40.618 52.018 -22.927 0
40.618 47.068 -17.977 0
35.668 52.018 -17.977 0
35.668 47.068 -13.028 1
40.618 52.018 -13.028 0
40.618 47.068 -8.078 1
35.668 52.018 -8.078 0
35.668 47.068 -3.128 1
40.618 52.018 -3.128 0
40.618 47.068 1.822 1
35.668 52.018 1.822 0
35.668 47.068 6.771 1
40.618 52.018 6.771 0
40.618 47.068 11.721 1
35.668 52.018 11.721 0
35.668 47.068 16.671 0
40.618 52.018 16.671 0
40.618 47.068 21.621 0
35.668 52.018 21.621 0
35.668 47.068 26.570 0
40.618 52.018 26.570 0
40.618 47.068 31.520 0
35.668 52.018 31.520 0
35.668 47.068 36.470 0
40.618 52.018 36.470 0
35.668 56.967 -32.827 0
40.618 56.967 -27.877 0
35.668 61.917 -27.877 0
35.668 56.967 -22.927 0
40.618 61.917 -22.927 0
40.618 56.967 -17.977 0
35.668 61.917 -17.977 0
35.668 56.967 -13.028 0
40.618 61.917 -13.028 0
40.618 56.967 -8.078 0
35.668 61.917 -8.078 0
35.668 56.967 -3.128 0
40.618 61.917 -3.128 0
40.618 56.967 1.822 0
35.668 61.917 1.822 0
35.668 56.967 6.771 0
40.618 61.917 6.771 0
40.618 56.967 11.721 0
35.668 61.917 11.721 0
35.668 56.967 16.671 0
40.618 61.917 16.671 0
40.618 56.967 21.621 0
35.668 61.917 21.621 0
35.668 56.967 26.570 0
40.618 61.917 26.570 0
40.618 56.967 31.520 0
35.668 61.917 31.520 0
35.668 56.967 36.470 0
35.668 66.867 -22.927 0
40.618 66.867 -17.977 0
35.668 71.817 -17.977 0
35.668 66.867 -13.028 0
40.618 71.817 -13.028 0
40.618 66.867 -8.078 0
35.668 71.817 -8.078 0
35.668 66.867 -3.128 0
40.618 71.817 -3.128 0
40.618 66.867 1.822 0
35.668 71.817 1.822 0
35.668 66.867 6.771 0
40.618 71.817 6.771 0
40.618 66.867 11.721 0
35.668 71.817 11.721 0
35.668 66.867 16.671 0
40.618 71.817 16.671 0
40.618 66.867 21.621 0
35.668 71.817 21.621 0
35.668 66.867 26.570 0
35.668 76.766 -13.028 0
35.668 76.766 -3.128 0
40.618 76.766 1.822 0
35.668 76.766 6.771 0
45.568 -66.776 -17.977 0
50.518 -66.776 -13.028 0
45.568 -66.776 -8.078 0
45.568 -71.726 -3.128 0
50.518 -66.776 -3.128 0
45.568 -66.776 1.822 0
45.568 -71.726 6.771 0
50.518 -66.776 6.771 0
45.568 -66.776 11.721 0
45.568 -66.776 21.621 0
45.568 -56.877 -27.877 0
45.568 -61.827 -22.927 0
50.518 -56.877 -22.927 0
50.518 -61.827 -17.977 0
45.568 -56.877 -17.977 1
45.568 -61.827 -13.028 1
50.518 -56.877 -13.028 0
50.518 -61.827 -8.078 0
45.568 -56.877 -8.078 1
45.568 -61.827 -3.128 1
50.518 -56.877 -3.128 0
50.518 -61.827 1.822 0
45.568 -56.877 1.822 1
45.568 -61.827 6.771 0
50.518 -56.877 6.771 0
50.518 -61.827 11.721 0
45.568 -56.877 11.721 0
45.568 -61.827 16.671 0
50.518 -56.877 16.671 0
50.518 -61.827 21.621 0
45.568 -56.877 21.621 0
45.568 -61.827 26.570 0
50.518 -56.877 26.570 0
45.568 -56.877 31.520 0
45.568 -46.977 -37.776 0
45.568 -51.927 -32.827 0
50.518 -46.977 -32.827 0
50.518 -51.927 -27.877 0
45.568 -46.977 -27.877 0
45.568 -51.927 -22.927 1
50.518 -46.977 -22.927 0
50.518 -51.927 -17.977 0
45.568 -46.977 -17.977 1
45.568 -51.927 -13.028 1
50.518 -46.977 -13.028 1
50.518 -51.927 -8.078 0
45.568 -46.977 -8.078 1
45.568 -51.927 -3.128 1
50.518 -46.977 -3.128 1
50.518 -51.927 1.822 0
45.568 -46.977 1.822 1
45.568 -51.927 6.771 1
50.518 -46.977 6.771 0
50.518 -51.927 11.721 0
45.568 -46.977 11.721 1
45.568 -51.927 16.671 0
50.518 -46.977 16.671 0
50.518 -51.927 21.621 0
45.568 -46.977 21.621 0
45.568 -51.927 26.570 0
50.518 -46.977 26.570 0
50.518 -51.927 31.520 0
45.568 -46.977 31.520 0
50.518 -42.028 -37.776 0
45.568 -37.078 -37.776 0
45.568 -42.028 -32.827 0
50.518 -37.078 -32.827 0
50.518 -42.028 -27.877 0
45.568 -37.078 -27.877 0
45.568 -42.028 -22.927 1
50.518 -37.078 -22.927 0
50.518 -42.028 -17.977 0
45.568 -37.078 -17.977 1
45.568 -42.028 -13.028 1
50.518 -37.078 -13.028 1
50.518 -42.028 -8.078 1
45.568 -37.078 -8.078 1
45.568 -42.028 -3.128 1
50.518 -37.078 -3.128 1
50.518 -42.028 1.822 1
45.568 -37.078 1.822 1
45.568 -42.028 6.771 1
50.518 -37.078 6.771 0
50.518 -42.028 11.721 0
45.568 -37.078 11.721 1
45.568 -42.028 16.671 0
50.518 -37.078 16.671 0
50.518 -42.028 21.621 0
45.568 -37.078 21.621 0
45.568 -42.028 26.570 0
50.518 -37.078 26.570 0
50.518 -42.028 31.520 0
45.568 -37.078 31.520 0
45.568 -42.028 36.470 0
50.518 -37.078 36.470 0
45.568 -37.078 41.420 0
45.568 -32.128 -42.726 0
50.518 -27.178 -42.726 0
50.518 -32.128 -37.776 0
45.568 -27.178 -37.776 0
45.568 -32.128 -32.827 0
50.518 -27.178 -32.827 0
50.518 -32.128 -27.877 0
45.568 -27.178 -27.877 0
45.568 -32.128 -22.927 1
50.518 -27.178 -22.927 0
50.518 -32.128 -17.977 0
45.568 -27.178 -17.977 1
45.568 -32.128 -13.028 1
50.518 -27.178 -13.028 0
50.518 -32.128 -8.078 1
45.568 -27.178 -8.078 1
45.568 -32.128 -3.128 1
50.518 -27.178 -3.128 0
50.518 -32.128 1.822 0
45.568 -27.178 1.822 1
45.568 -32.128 6.771 1
50.518 -27.178 6.771 0
50.518 -32.128 11.721 0
45.568 -27.178 11.721 0
45.568 -32.128 16.671 0
50.518 -27.178 16.671 0
50.518 -32.128 21.621 0
45.568 -27.178 21.621 0
45.568 -32.128 26.570 0
50.518 -27.178 26.570 0
50.518 -32.128 31.520 0
45.568 -27.178 31.520 0
45.568 -32.128 36.470 0
50.518 -27.178 36.470 0
50.518 -32.128 41.420 0
45.568 -27.178 41.420 0
45.568 -17.279 -47.676 0
45.568 -22.229 -42.726 0
50.518 -17.279 -42.726 0
50.518 -22.229 -37.776 0
45.568 -17.279 -37.776 0
45.568 -22.229 -32.827 0
50.518 -17.279 -32.827 0
50.518 -22.229 -27.877 0
45.568 -17.279 -27.877 0
45.568 -22.229 -22.927 0
50.518 -17.279 -22.927 0
50.518 -22.229 -17.977 0
45.568 -17.279 -17.977 0
45.568 -22.229 -13.028 1
50.518 -17.279 -13.028 0
50.518 -22.229 -8.078 0
45.568 -17.279 -8.078 0
45.568 -22.229 -3.128 1
50.518 -17.279 -3.128 0
50.518 -22.229 1.822 0
45.568 -17.279 1.822 0
45.568 -22.229 6.771 0
50.518 -17.279 6.771 0
50.518 -22.229 11.721 0
45.568 -17.279 11.721 0
45.568 -22.229 16.671 0
50.518 -17.279 16.671 0
50.518 -22.229 21.621 0
45.568 -17.279 21.621 0
45.568 -22.229 26.570 0
50.518 -17.279 26.570 0
50.518 -22.229 31.520 0
45.568 -17.279 31.520 0
45.568 -22.229 36.470 0
50.518 -17.279 36.470 0
50.518 -22.229 41.420 0
45.568 -17.279 41.420 0
45.568 -22.229 46.369 0
45.568 -7.379 -47.676 0
45.568 -12.329 -42.726 0
50.518 -7.379 -42.726 0
50.518 -12.329 -37.776 0
45.568 -7.379 -37.776 0
45.568 -12.329 -32.827 0
50.518 -7.379 -32.827 0
50.518 -12.329 -27.877 0
45.568 -7.379 -27.877 0
45.568 -12.329 -22.927 0
50.518 -7.379 -22.927 0
50.518 -12.329 -17.977 0
45.568 -7.379 -17.977 0
45.568 -12.329 -13.028 0
50.518 -7.379 -13.028 0
50.518 -12.329 -8.078 0
45.568 -7.379 -8.078 0
45.568 -12.329 -3.128 0
50.518 -7.379 -3.128 0
50.518 -12.329 1.822 0
45.568 -7.379 1.822 0
45.568 -12.329 6.771 0
50.518 -7.379 6.771 0
50.518 -12.329 11.721 0
45.568 -7.379 11.721 0
45.568 -12.329 16.671 0
50.518 -7.379 16.671 0
50.518 -12.329 21.621 0
45.568 -7.379 21.621 0
45.568 -12.329 26.570 0
50.518 -7.379 26.570 0
50.518 -12.329 31.520 0
45.568 -7.379 31.520 0
45.568 -12.329 36.470 0
50.518 -7.379 36.470 0
50.518 -12.329 41.420 0
45.568 -7.379 41.420 0
45.568 -12.329 46.369 0
50.518 -7.379 46.369 0
45.568 2.520 -47.676 0
45.568 -2.430 -42.726 0
50.518 2.520 -42.726 0
50.518 -2.430 -37.776 0
45.568 2.520 -37.776 0
45.568 -2.430 -32.827 0
50.518 2.520 -32.827 0
50.518 -2.430 -27.877 0
45.568 2.520 -27.877 0
45.568 -2.430 -22.927 0
50.518 2.520 -22.927 0
50.518 -2.430 -17.977 0
45.568 2.520 -17.977 0
45.568 -2.430 -13.028 0
50.518 2.520 -13.028 0
50.518 -2.430 -8.078 0
45.568 2.520 -8.078 1
45.568 -2.430 -3.128 0
50.518 2.520 -3.128 1
50.518 -2.430 1.822 0
45.568 2.520 1.822 1
45.568 -2.430 6.771 0
50.518 2.520 6.771 0
50.518 -2.430 11.721 0
45.568 2.520 11.721 0
45.568 -2.430 16.671 0
50.518 2.520 16.671 0
50.518 -2.430 21.621 0
45.568 2.520 21.621 0
45.568 -2.430 26.570 0
50.518 2.520 26.570 0
50.518 -2.430 31.520 0
45.568 2.520 31.520 0
45.568 -2.430 36.470 0
50.518 2.520 36.470 0
50.518 -2.430 41.420 0
45.568 2.520 41.420 0
45.568 -2.430 46.369 0
50.518 2.520 46.369 0
45.568 12.420 -47.676 0
45.568 7.470 -42.726 0
50.518 12.420 -42.726 0
50.518 7.470 -37.776 0
45.568 12.420 -37.776 0
45.568 7.470 -32.827 0
50.518 12.420 -32.827 0
50.518 7.470 -27.877 0
45.568 12.420 -27.877 0
45.568 7.470 -22.927 0
50.518 12.420 -22.927 0
50.518 7.470 -17.977 0
45.568 12.420 -17.977 1
45.568 7.470 -13.028 1
50.518 12.420 -13.028 1
50.518 7.470 -8.078 1
45.568 12.420 -8.078 1
45.568 7.470 -3.128 1
50.518 12.420 -3.128 1
50.518 7.470 1.822 1
45.568 12.420 1.822 1
45.568 7.470 6.771 1
50.518 12.420 6.771 1
50.518 7.470 11.721 1
45.568 12.420 11.721 1
45.568 7.470 16.671 0
50.518 12.420 16.671 1
50.518 7.470 21.621 0
45.568 12.420 21.621 0
45.568 7.470 26.570 0
50.518 12.420 26.570 0
50.518 7.470 31.520 0
45.568 12.420 31.520 0
45.568 7.470 36.470 0
50.518 12.420 36.470 0
50.518 7.470 41.420 0
45.568 12.420 41.420 0
45.568 7.470 46.369 0
50.518 12.420 46.369 0
45.568 17.369 -42.726 0
50.518 22.319 -42.726 0
50.518 17.369 -37.776 0
45.568 22.319 -37.776 0
45.568 17.369 -32.827 0
50.518 22.319 -32.827 0
50.518 17.369 -27.877 0
45.568 22.319 -27.877 0
45.568 17.369 -22.927 1
50.518 22.319 -22.927 1
50.518 17.369 -17.977 1
45.568 22.319 -17.977 1
45.568 17.369 -13.028 1
50.518 22.319 -13.028 1
50.518 17.369 -8.078 1
45.568 22.319 -8.078 1
45.568 17.369 -3.128 1
50.518 22.319 -3.128 1
50.518 17.369 1.822 1
45.568 22.319 1.822 1
45.568 17.369 6.771 1
50.518 22.319 6.771 1
50.518 17.369 11.721 1
45.568 22.319 11.721 1
45.568 17.369 16.671 1
50.518 22.319 16.671 1
50.518 17.369 21.621 1
45.568 22.319 21.621 1
45.568 17.369 26.570 0
50.518 22.319 26.570 0
50.518 17.369 31.520 0
45.568 22.319 31.520 0
45.568 17.369 36.470 0
50.518 22.319 36.470 0
50.518 17.369 41.420 0
45.568 22.319 41.420 0
45.568 17.369 46.369 0
45.568 27.269 -42.726 0
50.518 27.269 -37.776 0
45.568 32.219 -37.776 0
45.568 27.269 -32.827 0
50.518 32.219 -32.827 0
50.518 27.269 -27.877 0
45.568 32.219 -27.877 0
45.568 27.269 -22.927 1
50.518 32.219 -22.927 1
50.518 27.269 -17.977 1
45.568 32.219 -17.977 1
45.568 27.269 -13.028 1
50.518 32.219 -13.028 1
50.518 27.269 -8.078 1
45.568 32.219 -8.078 1
45.568 27.269 -3.128 1
50.518 32.219 -3.128 1
50.518 27.269 1.822 1
45.568 32.219 1.822 1
45.568 27.269 6.771 1
50.518 32.219 6.771 1
50.518 27.269 11.721 1
45.568 32.219 11.721 1
45.568 27.269 16.671 1
50.518 32.219 16.671 1
50.518 27.269 21.621 1
45.568 32.219 21.621 1
45.568 27.269 26.570 0
50.518 32.219 26.570 0
50.518 27.269 31.520 0
45.568 32.219 31.520 0
45.568 27.269 36.470 0
50.518 32.219 36.470 0
50.518 27.269 41.420 0
45.568 32.219 41.420 0
45.568 37.168 -42.726 0
50.518 37.168 -37.776 0
45.568 42.118 -37.776 0
45.568 37.168 -32.827 0
50.518 42.118 -32.827 0
50.518 37.168 -27.877 0
45.568 42.118 -27.877 0
45.568 37.168 -22.927 1
50.518 42.118 -22.927 0
50.518 37.168 -17.977 1
45.568 42.118 -17.977 1
45.568 37.168 -13.028 1
50.518 42.118 -13.028 1
50.518 37.168 -8.078 1
45.568 42.118 -8.078 1
45.568 37.168 -3.128 1
50.518 42.118 -3.128 1
50.518 37.168 1.822 1
45.568 42.118 1.822 1
45.568 37.168 6.771 1
50.518 42.118 6.771 1
50.518 37.168 11.721 1
45.568 42.118 11.721 1
45.568 37.168 16.671 1
50.518 42.118 16.671 1
50.518 37.168 21.621 0
45.568 42.118 21.621 0
45.568 37.168 26.570 0
50.518 42.118 26.570 0
50.518 37.168 31.520 0
45.568 42.118 31.520 0
45.568 37.168 36.470 0
50.518 42.118 36.470 0
45.568 47.068 -32.827 0
50.518 47.068 -27.877 0
45.568 52.018 -27.877 0
45.568 47.068 -22.927 0
50.518 52.018 -22.927 0
50.518 47.068 -17.977 0
45.568 52.018 -17.977 0
45.568 47.068 -13.028 1
50.518 52.018 -13.028 0
50.518 47.068 -8.078 1
45.568 52.018 -8.078 0
45.568 47.068 -3.128 1
50.518 52.018 -3.128 0
50.518 47.068 1.822 1
45.568 52.018 1.822 0
45.568 47.068 6.771 1
50.518 52.018 6.771 0
50.518 47.068 11.721 0
45.568 52.018 11.721 0
45.568 47.068 16.671 0
50.518 52.018 16.671 0
50.518 47.068 21.621 0
45.568 52.018 21.621 0
45.568 47.068 26.570 0
50.518 52.018 26.570 0
50.518 47.068 31.520 0
45.568 52.018 31.520 0
45.568 47.068 36.470 0
50.518 56.967 -27.877 0
45.568 56.967 -22.927 0
50.518 61.917 -22.927 0
50.518 56.967 -17.977 0
45.568 61.917 -17.977 0
45.568 56.967 -13.028 0
50.518 61.917 -13.028 0
50.518 56.967 -8.078 0
45.568 61.917 -8.078 0
45.568 56.967 -3.128 0
50.518 61.917 -3.128 0
50.518 56.967 1.822 0
45.568 61.917 1.822 0
45.568 56.967 6.771 0
50.518 61.917 6.771 0
50.518 56.967 11.721 0
45.568 61.917 11.721 0
45.568 56.967 16.671 0
50.518 61.917 16.671 0
50.518 56.967 21.621 0
45.568 61.917 21.621 0
45.568 56.967 26.570 0
45.568 66.867 -13.028 0
50.518 66.867 -8.078 0
45.568 71.817 -8.078 0
45.568 66.867 -3.128 0
50.518 66.867 1.822 0
45.568 71.817 1.822 0
45.568 66.867 6.771 0
50.518 66.867 11.721 0
45.568 71.817 11.721 0
45.568 66.867 16.671 0
55.467 -66.776 1.822 0
55.467 -56.877 -17.977 0
55.467 -61.827 -13.028 0
60.417 -56.877 -13.028 0
60.417 -61.827 -8.078 0
55.467 -56.877 -8.078 0
55.467 -61.827 -3.128 0
60.417 -56.877 -3.128 0
60.417 -61.827 1.822 0
55.467 -56.877 1.822 0
55.467 -61.827 6.771 0
60.417 -56.877 6.771 0
55.467 -56.877 11.721 0
55.467 -61.827 16.671 0
60.417 -56.877 16.671 0
55.467 -56.877 21.621 0
55.467 -46.977 -27.877 0
55.467 -51.927 -22.927 0
60.417 -46.977 -22.927 0
60.417 -51.927 -17.977 0
55.467 -46.977 -17.977 0
55.467 -51.927 -13.028 0
60.417 -46.977 -13.028 0
60.417 -51.927 -8.078 0
55.467 -46.977 -8.078 0
55.467 -51.927 -3.128 0
60.417 -46.977 -3.128 0
60.417 -51.927 1.822 0
55.467 -46.977 1.822 0
55.467 -51.927 6.771 0
60.417 -46.977 6.771 0
60.417 -51.927 11.721 0
55.467 -46.977 11.721 0
55.467 -51.927 16.671 0
60.417 -46.977 16.671 0
60.417 -51.927 21.621 0
55.467 -46.977 21.621 0
55.467 -51.927 26.570 0
60.417 -46.977 26.570 0
55.467 -46.977 31.520 0
55.467 -42.028 -32.827 0
60.417 -37.078 -32.827 0
60.417 -42.028 -27.877 0
55.467 -37.078 -27.877 0
55.467 -42.028 -22.927 0
60.417 -37.078 -22.927 0
60.417 -42.028 -17.977 0
55.467 -37.078 -17.977 0
55.467 -42.028 -13.028 0
60.417 -37.078 -13.028 0
60.417 -42.028 -8.078 0
55.467 -37.078 -8.078 0
55.467 -42.028 -3.128 0
60.417 -37.078 -3.128 0
60.417 -42.028 1.822 0
55.467 -37.078 1.822 0
55.467 -42.028 6.771 0
60.417 -37.078 6.771 0
60.417 -42.028 11.721 0
55.467 -37.078 11.721 0
55.467 -42.028 16.671 0
60.417 -37.078 16.671 0
60.417 -42.028 21.621 0
55.467 -37.078 21.621 0
55.467 -42.028 26.570 0
60.417 -37.078 26.570 0
55.467 -37.078 31.520 0
55.467 -27.178 -37.776 0
55.467 -32.128 -32.827 0
60.417 -27.178 -32.827 0
60.417 -32.128 -27.877 0
55.467 -27.178 -27.877 0
55.467 -32.128 -22.927 0
60.417 -27.178 -22.927 0
60.417 -32.128 -17.977 0
55.467 -27.178 -17.977 0
55.467 -32.128 -13.028 0
60.417 -27.178 -13.028 0
60.417 -32.128 -8.078 0
55.467 -27.178 -8.078 0
55.467 -32.128 -3.128 0
60.417 -27.178 -3.128 0
60.417 -32.128 1.822 0
55.467 -27.178 1.822 0
55.467 -32.128 6.771 0
60.417 -27.178 6.771 0
60.417 -32.128 11.721 0
55.467 -27.178 11.721 0
55.467 -32.128 16.671 0
60.417 -27.178 16.671 0
60.417 -32.128 21.621 0
55.467 -27.178 21.621 0
55.467 -32.128 26.570 0
60.417 -27.178 26.570 0
60.417 -32.128 31.520 0
55.467 -27.178 31.520 0
55.467 -32.128 36.470 0
60.417 -27.178 36.470 0
60.417 -22.229 -37.776 0
55.467 -17.279 -37.776 0
55.467 -22.229 -32.827 0
60.417 -17.279 -32.827 0
60.417 -22.229 -27.877 0
55.467 -17.279 -27.877 0
55.467 -22.229 -22.927 0
60.417 -17.279 -22.927 0
60.417 -22.229 -17.977 0
55.467 -17.279 -17.977 0
55.467 -22.229 -13.028 0
60.417 -17.279 -13.028 0
60.417 -22.229 -8.078 0
55.467 -17.279 -8.078 0
55.467 -22.229 -3.128 0
60.417 -17.279 -3.128 0
60.417 -22.229 1.822 0
55.467 -17.279 1.822 0
55.467 -22.229 6.771 0
60.417 -17.279 6.771 0
60.417 -22.229 11.721 0
55.467 -17.279 11.721 0
55.467 -22.229 16.671 0
60.417 -17.279 16.671 0
60.417 -22.229 21.621 0
55.467 -17.279 21.621 0
55.467 -22.229 26.570 0
60.417 -17.279 26.570 0
60.417 -22.229 31.520 0
55.467 -17.279 31.520 0
55.467 -22.229 36.470 0
60.417 -17.279 36.470 0
55.467 -17.279 41.420 0
55.467 -12.329 -42.726 0
60.417 -12.329 -37.776 0
55.467 -7.379 -37.776 0
55.467 -12.329 -32.827 0
60.417 -7.379 -32.827 0
60.417 -12.329 -27.877 0
55.467 -7.379 -27.877 0
55.467 -12.329 -22.927 0
60.417 -7.379 -22.927 0
60.417 -12.329 -17.977 0
55.467 -7.379 -17.977 0
55.467 -12.329 -13.028 0
60.417 -7.379 -13.028 0
60.417 -12.329 -8.078 0
55.467 -7.379 -8.078 0
55.467 -12.329 -3.128 0
60.417 -7.379 -3.128 0
60.417 -12.329 1.822 0
55.467 -7.379 1.822 0
55.467 -12.329 6.771 0
60.417 -7.379 6.771 0
60.417 -12.329 11.721 0
55.467 -7.379 11.721 0
55.467 -12.329 16.671 0
60.417 -7.379 16.671 0
60.417 -12.329 21.621 0
55.467 -7.379 21.621 0
55.467 -12.329 26.570 0
60.417 -7.379 26.570 0
60.417 -12.329 31.520 0
55.467 -7.379 31.520 0
55.467 -12.329 36.470 0
60.417 -7.379 36.470 0
55.467 -7.379 41.420 0
55.467 -2.430 -42.726 0
60.417 -2.430 -37.776 0
55.467 2.520 -37.776 0
55.467 -2.430 -32.827 0
60.417 2.520 -32.827 0
60.417 -2.430 -27.877 0
55.467 2.520 -27.877 0
55.467 -2.430 -22.927 0
60.417 2.520 -22.927 0
60.417 -2.430 -17.977 0
55.467 2.520 -17.977 0
55.467 -2.430 -13.028 0
60.417 2.520 -13.028 0
60.417 -2.430 -8.078 0
55.467 2.520 -8.078 0
55.467 -2.430 -3.128 0
60.417 2.520 -3.128 0
60.417 -2.430 1.822 0
55.467 2.520 1.822 0
55.467 -2.430 6.771 0
60.417 2.520 6.771 0
60.417 -2.430 11.721 0
55.467 2.520 11.721 0
55.467 -2.430 16.671 0
60.417 2.520 16.671 0
60.417 -2.430 21.621 0
55.467 2.520 21.621 0
55.467 -2.430 26.570 0
60.417 2.520 26.570 0
60.417 -2.430 31.520 0
55.467 2.520 31.520 0
55.467 -2.430 36.470 0
60.417 2.520 36.470 0
60.417 -2.430 41.420 0
55.467 2.520 41.420 0
55.467 7.470 -42.726 0
60.417 7.470 -37.776 0
55.467 12.420 -37.776 0
55.467 7.470 -32.827 0
60.417 12.420 -32.827 0
60.417 7.470 -27.877 0
55.467 12.420 -27.877 0
55.467 7.470 -22.927 0
60.417 12.420 -22.927 0
60.417 7.470 -17.977 0
55.467 12.420 -17.977 1
55.467 7.470 -13.028 0
60.417 12.420 -13.028 0
60.417 7.470 -8.078 0
55.467 12.420 -8.078 1
55.467 7.470 -3.128 1
60.417 12.420 -3.128 1
60.417 7.470 1.822 0
55.467 12.420 1.822 1
55.467 7.470 6.771 1
60.417 12.420 6.771 1
60.417 7.470 11.721 0
55.467 12.420 11.721 1
55.467 7.470 16.671 0
60.417 12.420 16.671 0
60.417 7.470 21.621 0
55.467 12.420 21.621 0
55.467 7.470 26.570 0
60.417 12.420 26.570 0
60.417 7.470 31.520 0
55.467 12.420 31.520 0
55.467 7.470 36.470 0
60.417 12.420 36.470 0
60.417 7.470 41.420 0
55.467 12.420 41.420 0
55.467 17.369 -42.726 0
60.417 17.369 -37.776 0
55.467 22.319 -37.776 0
55.467 17.369 -32.827 0
60.417 22.319 -32.827 0
60.417 17.369 -27.877 0
55.467 22.319 -27.877 0
55.467 17.369 -22.927 0
60.417 22.319 -22.927 0
60.417 17.369 -17.977 0
55.467 22.319 -17.977 1
55.467 17.369 -13.028 1
60.417 22.319 -13.028 1
60.417 17.369 -8.078 1
55.467 22.319 -8.078 1
55.467 17.369 -3.128 1
60.417 22.319 -3.128 1
60.417 17.369 1.822 1
55.467 22.319 1.822 1
55.467 17.369 6.771 1
60.417 22.319 6.771 1
60.417 17.369 11.721 1
55.467 22.319 11.721 1
55.467 17.369 16.671 1
60.417 22.319 16.671 0
60.417 17.369 21.621 0
55.467 22.319 21.621 0
55.467 17.369 26.570 0
60.417 22.319 26.570 0
60.417 17.369 31.520 0
55.467 22.319 31.520 0
55.467 17.369 36.470 0
60.417 22.319 36.470 0
55.467 22.319 41.420 0
60.417 27.269 -37.776 0
55.467 32.219 -37.776 0
55.467 27.269 -32.827 0
60.417 32.219 -32.827 0
60.417 27.269 -27.877 0
55.467 32.219 -27.877 0
55.467 27.269 -22.927 0
60.417 32.219 -22.927 0
60.417 27.269 -17.977 1
55.467 32.219 -17.977 1
55.467 27.269 -13.028 1
60.417 32.219 -13.028 1
60.417 27.269 -8.078 1
55.467 32.219 -8.078 1
55.467 27.269 -3.128 1
60.417 32.219 -3.128 1
60.417 27.269 1.822 1
55.467 32.219 1.822 1
55.467 27.269 6.771 1
60.417 32.219 6.771 1
60.417 27.269 11.721 1
55.467 32.219 11.721 1
55.467 27.269 16.671 1
60.417 32.219 16.671 0
60.417 27.269 21.621 0
55.467 32.219 21.621 0
55.467 27.269 26.570 0
60.417 32.219 26.570 0
60.417 27.269 31.520 0
55.467 32.219 31.520 0
55.467 27.269 36.470 0
55.467 37.168 -32.827 0
60.417 37.168 -27.877 0
55.467 42.118 -27.877 0
55.467 37.168 -22.927 0
60.417 42.118 -22.927 0
60.417 37.168 -17.977 0
55.467 42.118 -17.977 0
55.467 37.168 -13.028 1
60.417 42.118 -13.028 0
60.417 37.168 -8.078 1
55.467 42.118 -8.078 1
55.467 37.168 -3.128 1
60.417 42.118 -3.128 1
60.417 37.168 1.822 1
55.467 42.118 1.822 1
55.467 37.168 6.771 1
60.417 42.118 6.771 0
60.417 37.168 11.721 1
55.467 42.118 11.721 1
55.467 37.168 16.671 1
60.417 42.118 16.671 0
60.417 37.168 21.621 0
55.467 42.118 21.621 0
55.467 37.168 26.570 0
60.417 42.118 26.570 0
60.417 37.168 31.520 0
55.467 42.118 31.520 0
55.467 37.168 36.470 0
60.417 47.068 -27.877 0
55.467 52.018 -27.877 0
55.467 47.068 -22.927 0
60.417 52.018 -22.927 0
60.417 47.068 -17.977 0
55.467 52.018 -17.977 0
55.467 47.068 -13.028 0
60.417 52.018 -13.028 0
60.417 47.068 -8.078 0
55.467 52.018 -8.078 0
55.467 47.068 -3.128 1
60.417 52.018 -3.128 0
60.417 47.068 1.822 0
55.467 52.018 1.822 0
55.467 47.068 6.771 0
60.417 52.018 6.771 0
60.417 47.068 11.721 0
55.467 52.018 11.721 0
55.467 47.068 16.671 0
60.417 52.018 16.671 0
60.417 47.068 21.621 0
55.467 52.018 21.621 0
55.467 47.068 26.570 0
55.467 56.967 -22.927 0
60.417 56.967 -17.977 0
55.467 61.917 -17.977 0
55.467 56.967 -13.028 0
60.417 56.967 -8.078 0
55.467 61.917 -8.078 0
55.467 56.967 -3.128 0
60.417 61.917 -3.128 0
60.417 56.967 1.822 0
55.467 61.917 1.822 0
55.467 56.967 6.771 0
60.417 61.917 6.771 0
60.417 56.967 11.721 0
55.467 61.917 11.721 0
55.467 56.967 16.671 0
55.467 66.867 -3.128 0
65.367 -56.877 -8.078 0
65.367 -56.877 1.822 0
65.367 -46.977 -17.977 0
65.367 -51.927 -13.028 0
70.317 -46.977 -13.028 0
65.367 -46.977 -8.078 0
65.367 -51.927 -3.128 0
70.317 -46.977 -3.128 0
70.317 -51.927 1.822 0
65.367 -46.977 1.822 0
65.367 -51.927 6.771 0
70.317 -46.977 6.771 0
65.367 -46.977 11.721 0
65.367 -51.927 16.671 0
65.367 -46.977 21.621 0
65.367 -37.078 -27.877 0
65.367 -42.028 -22.927 0
70.317 -37.078 -22.927 0
70.317 -42.028 -17.977 0
65.367 -37.078 -17.977 0
65.367 -42.028 -13.028 0
70.317 -37.078 -13.028 0
70.317 -42.028 -8.078 0
65.367 -37.078 -8.078 0
65.367 -42.028 -3.128 0
70.317 -37.078 -3.128 0
70.317 -42.028 1.822 0
65.367 -37.078 1.822 0
65.367 -42.028 6.771 0
70.317 -37.078 6.771 0
70.317 -42.028 11.721 0
65.367 -37.078 11.721 0
65.367 -42.028 16.671 0
70.317 -37.078 16.671 0
65.367 -37.078 21.621 0
65.367 -42.028 26.570 0
65.367 -27.178 -27.877 0
65.367 -32.128 -22.927 0
70.317 -27.178 -22.927 0
70.317 -32.128 -17.977 0
65.367 -27.178 -17.977 0
65.367 -32.128 -13.028 0
70.317 -27.178 -13.028 0
70.317 -32.128 -8.078 0
65.367 -27.178 -8.078 0
65.367 -32.128 -3.128 0
70.317 -27.178 -3.128 0
70.317 -32.128 1.822 0
65.367 -27.178 1.822 0
65.367 -32.128 6.771 0
70.317 -27.178 6.771 0
70.317 -32.128 11.721 0
65.367 -27.178 11.721 0
65.367 -32.128 16.671 0
70.317 -27.178 16.671 0
70.317 -32.128 21.621 0
65.367 -27.178 21.621 0
65.367 -32.128 26.570 0
70.317 -27.178 26.570 0
65.367 -27.178 31.520 0
65.367 -22.229 -32.827 0
70.317 -17.279 -32.827 0
70.317 -22.229 -27.877 0
65.367 -17.279 -27.877 0
65.367 -22.229 -22.927 0
70.317 -17.279 -22.927 0
70.317 -22.229 -17.977 0
65.367 -17.279 -17.977 0
65.367 -22.229 -13.028 0
70.317 -17.279 -13.028 0
70.317 -22.229 -8.078 0
65.367 -17.279 -8.078 0
65.367 -22.229 -3.128 0
70.317 -17.279 -3.128 0
70.317 -22.229 1.822 0
65.367 -17.279 1.822 0
65.367 -22.229 6.771 0
70.317 -17.279 6.771 0
70.317 -22.229 11.721 0
65.367 -17.279 11.721 0
65.367 -22.229 16.671 0
70.317 -17.279 16.671 0
70.317 -22.229 21.621 0
65.367 -17.279 21.621 0
65.367 -22.229 26.570 0
70.317 -17.279 26.570 0
70.317 -22.229 31.520 0
65.367 -17.279 31.520 0
65.367 -7.379 -37.776 0
65.367 -12.329 -32.827 0
70.317 -7.379 -32.827 0
70.317 -12.329 -27.877 0
65.367 -7.379 -27.877 0
65.367 -12.329 -22.927 0
70.317 -7.379 -22.927 0
70.317 -12.329 -17.977 0
65.367 -7.379 -17.977 0
65.367 -12.329 -13.028 0
70.317 -7.379 -13.028 0
70.317 -12.329 -8.078 0
65.367 -7.379 -8.078 0
65.367 -12.329 -3.128 0
70.317 -7.379 -3.128 0
70.317 -12.329 1.822 0
65.367 -7.379 1.822 0
65.367 -12.329 6.771 0
70.317 -7.379 6.771 0
70.317 -12.329 11.721 0
65.367 -7.379 11.721 0
65.367 -12.329 16.671 0
70.317 -7.379 16.671 0
70.317 -12.329 21.621 0
65.367 -7.379 21.621 0
65.367 -12.329 26.570 0
70.317 -7.379 26.570 0
70.317 -12.329 31.520 0
65.367 -7.379 31.520 0
65.367 -12.329 36.470 0
65.367 2.520 -37.776 0
65.367 -2.430 -32.827 0
70.317 2.520 -32.827 0
70.317 -2.430 -27.877 0
65.367 2.520 -27.877 0
65.367 -2.430 -22.927 0
70.317 2.520 -22.927 0
70.317 -2.430 -17.977 0
65.367 2.520 -17.977 0
65.367 -2.430 -13.028 0
70.317 2.520 -13.028 0
70.317 -2.430 -8.078 0
65.367 2.520 -8.078 0
65.367 -2.430 -3.128 0
70.317 2.520 -3.128 0
70.317 -2.430 1.822 0
65.367 2.520 1.822 0
65.367 -2.430 6.771 0
70.317 2.520 6.771 0
70.317 -2.430 11.721 0
65.367 2.520 11.721 0
65.367 -2.430 16.671 0
70.317 2.520 16.671 0
70.317 -2.430 21.621 0
65.367 2.520 21.621 0
65.367 -2.430 26.570 0
70.317 2.520 26.570 0
70.317 -2.430 31.520 0
65.367 2.520 31.520 0
65.367 -2.430 36.470 0
65.367 12.420 -37.776 0
65.367 7.470 -32.827 0
70.317 12.420 -32.827 0
70.317 7.470 -27.877 0
65.367 12.420 -27.877 0
65.367 7.470 -22.927 0
70.317 12.420 -22.927 0
70.317 7.470 -17.977 0
65.367 12.420 -17.977 0
65.367 7.470 -13.028 0
70.317 12.420 -13.028 0
70.317 7.470 -8.078 0
65.367 12.420 -8.078 0
65.367 7.470 -3.128 0
70.317 12.420 -3.128 0
70.317 7.470 1.822 0
65.367 12.420 1.822 0
65.367 7.470 6.771 0
70.317 12.420 6.771 0
70.317 7.470 11.721 0
65.367 12.420 11.721 0
65.367 7.470 16.671 0
70.317 12.420 16.671 0
70.317 7.470 21.621 0
65.367 12.420 21.621 0
65.367 7.470 26.570 0
70.317 12.420 26.570 0
70.317 7.470 31.520 0
65.367 12.420 31.520 0
65.367 7.470 36.470 0
65.367 17.369 -32.827 0
70.317 17.369 -27.877 0
65.367 22.319 -27.877 0
65.367 17.369 -22.927 0
70.317 22.319 -22.927 0
70.317 17.369 -17.977 0
65.367 22.319 -17.977 0
65.367 17.369 -13.028 0
70.317 22.319 -13.028 0
70.317 17.369 -8.078 0
65.367 22.319 -8.078 1
65.367 17.369 -3.128 1
70.317 22.319 -3.128 0
70.317 17.369 1.822 0
65.367 22.319 1.822 1
65.367 17.369 6.771 0
70.317 22.319 6.771 0
70.317 17.369 11.721 0
65.367 22.319 11.721 0
65.367 17.369 16.671 0
70.317 22.319 16.671 0
70.317 17.369 21.621 0
65.367 22.319 21.621 0
65.367 17.369 26.570 0
70.317 22.319 26.570 0
70.317 17.369 31.520 0
65.367 22.319 31.520 0
65.367 17.369 36.470 0
65.367 27.269 -32.827 0
70.317 27.269 -27.877 0
65.367 32.219 -27.877 0
65.367 27.269 -22.927 0
70.317 32.219 -22.927 0
70.317 27.269 -17.977 0
65.367 32.219 -17.977 0
65.367 27.269 -13.028 0
70.317 32.219 -13.028 0
70.317 27.269 -8.078 0
65.367 32.219 -8.078 1
65.367 27.269 -3.128 1
70.317 32.219 -3.128 0
70.317 27.269 1.822 0
65.367 32.219 1.822 1
65.367 27.269 6.771 1
70.317 32.219 6.771 0
70.317 27.269 11.721 0
65.367 32.219 11.721 0
65.367 27.269 16.671 0
70.317 32.219 16.671 0
70.317 27.269 21.621 0
65.367 32.219 21.621 0
65.367 27.269 26.570 0
70.317 32.219 26.570 0
65.367 32.219 31.520 0
65.367 37.168 -22.927 0
70.317 37.168 -17.977 0
65.367 42.118 -17.977 0
65.367 37.168 -13.028 0
70.317 42.118 -13.028 0
70.317 37.168 -8.078 0
65.367 42.118 -8.078 0
65.367 37.168 -3.128 0
70.317 42.118 -3.128 0
70.317 37.168 1.822 0
65.367 42.118 1.822 0
65.367 37.168 6.771 0
70.317 42.118 6.771 0
70.317 37.168 11.721 0
65.367 42.118 11.721 0
65.367 37.168 16.671 0
70.317 42.118 16.671 0
70.317 37.168 21.621 0
65.367 42.118 21.621 0
65.367 37.168 26.570 0
65.367 47.068 -13.028 0
70.317 47.068 -8.078 0
65.367 52.018 -8.078 0
65.367 47.068 -3.128 0
70.317 52.018 -3.128 0
70.317 47.068 1.822 0
65.367 52.018 1.822 0
65.367 47.068 6.771 0
70.317 47.068 11.721 0
65.367 52.018 11.721 0
65.367 47.068 16.671 0
65.367 56.967 -3.128 0
65.367 56.967 6.771 0
75.266 -37.078 -8.078 0
75.266 -42.028 -3.128 0
75.266 -37.078 1.822 0
75.266 -42.028 6.771 0
75.266 -37.078 11.721 0
75.266 -27.178 -17.977 0
75.266 -32.128 -13.028 0
80.216 -27.178 -13.028 0
80.216 -32.128 -8.078 0
75.266 -27.178 -8.078 0
75.266 -32.128 -3.128 0
80.216 -27.178 -3.128 0
80.216 -32.128 1.822 0
75.266 -27.178 1.822 0
75.266 -32.128 6.771 0
80.216 -27.178 6.771 0
75.266 -27.178 11.721 0
75.266 -32.128 16.671 0
75.266 -27.178 21.621 0
75.266 -17.279 -27.877 0
75.266 -22.229 -22.927 0
80.216 -22.229 -17.977 0
75.266 -17.279 -17.977 0
75.266 -22.229 -13.028 0
80.216 -17.279 -13.028 0
80.216 -22.229 -8.078 0
75.266 -17.279 -8.078 0
75.266 -22.229 -3.128 0
80.216 -17.279 -3.128 0
80.216 -22.229 1.822 0
75.266 -17.279 1.822 0
75.266 -22.229 6.771 0
80.216 -17.279 6.771 0
80.216 -22.229 11.721 0
75.266 -17.279 11.721 0
75.266 -22.229 16.671 0
80.216 -17.279 16.671 0
75.266 -17.279 21.621 0
75.266 -7.379 -27.877 0
75.266 -12.329 -22.927 0
80.216 -7.379 -22.927 0
80.216 -12.329 -17.977 0
75.266 -7.379 -17.977 0
75.266 -12.329 -13.028 0
80.216 -7.379 -13.028 0
80.216 -12.329 -8.078 0
75.266 -7.379 -8.078 0
75.266 -12.329 -3.128 0
80.216 -7.379 -3.128 0
80.216 -12.329 1.822 0
75.266 -7.379 1.822 0
75.266 -12.329 6.771 0
80.216 -7.379 6.771 0
80.216 -12.329 11.721 0
75.266 -7.379 11.721 0
75.266 -12.329 16.671 0
80.216 -7.379 16.671 0
80.216 -12.329 21.621 0
75.266 -7.379 21.621 0
75.266 -12.329 26.570 0
75.266 2.520 -27.877 0
75.266 -2.430 -22.927 0
80.216 2.520 -22.927 0
80.216 -2.430 -17.977 0
75.266 2.520 -17.977 0
75.266 -2.430 -13.028 0
80.216 2.520 -13.028 0
80.216 -2.430 -8.078 0
75.266 2.520 -8.078 0
75.266 -2.430 -3.128 0
80.216 2.520 -3.128 0
80.216 -2.430 1.822 0
75.266 2.520 1.822 0
75.266 -2.430 6.771 0
80.216 2.520 6.771 0
80.216 -2.430 11.721 0
75.266 2.520 11.721 0
75.266 -2.430 16.671 0
80.216 2.520 16.671 0
80.216 -2.430 21.621 0
75.266 2.520 21.621 0
75.266 -2.430 26.570 0
75.266 12.420 -27.877 0
75.266 7.470 -22.927 0
80.216 7.470 -17.977 0
75.266 12.420 -17.977 0
75.266 7.470 -13.028 0
80.216 12.420 -13.028 0
80.216 7.470 -8.078 0
75.266 12.420 -8.078 0
75.266 7.470 -3.128 0
80.216 12.420 -3.128 0
80.216 7.470 1.822 0
75.266 12.420 1.822 0
75.266 7.470 6.771 0
80.216 12.420 6.771 0
80.216 7.470 11.721 0
75.266 12.420 11.721 0
75.266 7.470 16.671 0
80.216 12.420 16.671 0
80.216 7.470 21.621 0
75.266 12.420 21.621 0
75.266 7.470 26.570 0
75.266 17.369 -22.927 0
80.216 17.369 -17.977 0
75.266 22.319 -17.977 0
75.266 17.369 -13.028 0
80.216 22.319 -13.028 0
80.216 17.369 -8.078 0
75.266 22.319 -8.078 0
75.266 17.369 -3.128 0
80.216 22.319 -3.128 0
80.216 17.369 1.822 0
75.266 22.319 1.822 0
75.266 17.369 6.771 0
80.216 22.319 6.771 0
80.216 17.369 11.721 0
75.266 22.319 11.721 0
75.266 17.369 16.671 0
80.216 22.319 16.671 0
75.266 22.319 21.621 0
75.266 17.369 26.570 0
75.266 27.269 -22.927 0
75.266 32.219 -17.977 0
75.266 27.269 -13.028 0
80.216 27.269 -8.078 0
75.266 32.219 -8.078 0
75.266 27.269 -3.128 0
80.216 32.219 -3.128 0
80.216 27.269 1.822 0
75.266 32.219 1.822 0
75.266 27.269 6.771 0
80.216 32.219 6.771 0
80.216 27.269 11.721 0
75.266 32.219 11.721 0
75.266 27.269 16.671 0
75.266 37.168 -13.028 0
75.266 42.118 -8.078 0
75.266 37.168 -3.128 0
75.266 42.118 1.822 0
75.266 37.168 6.771 0
75.266 37.168 16.671 0
85.166 -17.279 -8.078 0
85.166 -17.279 1.822 0
85.166 -12.329 -13.028 0
85.166 -7.379 -8.078 0
85.166 -12.329 -3.128 0
85.166 -7.379 1.822 0
85.166 -12.329 6.771 0
85.166 -7.379 11.721 0
85.166 -2.430 -13.028 0
85.166 2.520 -8.078 0
85.166 -2.430 -3.128 0
85.166 2.520 1.822 0
85.166 -2.430 6.771 0
85.166 2.520 11.721 0
85.166 7.470 -13.028 0
85.166 12.420 -8.078 0
85.166 7.470 -3.128 0
85.166 12.420 1.822 0
85.166 7.470 6.771 0
85.166 12.420 11.721 0
85.166 17.369 -3.128 0
85.166 22.319 1.822 0
85.166 17.369 6.771 0
